PLAYER,POS,TEAM,AGE,GP,W,L,MIN,DEF RTG,DREB,DREB%,%DREB,STL,STL%,BLK,%BLK,OPP PTS OFF TOV,OPP PTS 2ND CHANCE,OPP PTS FB,OPP PTS PAINT,DEF WS
Buddy Hield,SF,PHI,31,84,46,38,2160,116,208,9.8,15.1,70,21,42,15.3,725,632,645,2516,5.1
Austin Reaves,SG,LAL,26,82,47,35,2629,116,295,10.7,15.7,66,17.5,25,8.2,908,772,891,2788,6.1
Bobby Portis,PF,MIL,29,82,49,33,2008,116,465,22.8,34,68,23.1,34,17.9,563,577,536,2178,4.4
Cason Wallace,SG,OKC,20,82,57,25,1692,110,135,7.7,12.1,76,22.4,37,16.3,558,546,400,1740,6.7
Chet Holmgren,C,OKC,22,82,57,25,2413,109,519,19.8,30.7,53,13.3,190,50.9,674,817,608,2320,10.2
Christian Braun,SG,DEN,23,82,57,25,1656,109,227,12.6,19.5,42,17.1,35,15.8,559,515,394,1642,6.9
Domantas Sabonis,C,SAC,28,82,46,36,2928,115,826,29.5,41.3,74,15.5,48,21.6,984,623,718,3004,7.1
Georges Niang,PF,CLE,31,82,48,34,1831,114,256,13.8,20.6,30,12.1,18,10.2,656,522,558,1798,5.2
Harrison Barnes,PF,SAC,32,82,46,36,2381,116,182,7.9,11.1,54,14.1,12,7.2,794,503,585,2502,5.5
Jalen Green,SG,HOU,22,82,41,41,2601,114,382,14.3,21.1,66,17.1,28,12.6,791,760,646,2680,7.3
Jonas Valančiūnas,C,NOP,32,82,49,33,1925,113,535,27.2,38.2,33,11,68,33.7,597,499,552,1834,5.6
Mikal Bridges,SF,BKN,27,82,32,50,2854,114,304,10.5,15.6,81,20.9,30,9.3,878,826,932,2902,7.7
Nickeil Alexander-Walker,SG,MIN,25,82,56,26,1921,106,132,6.6,9.7,64,19.9,42,16.7,609,490,497,1776,10.1
Obi Toppin,PF,IND,26,82,47,35,1731,117,235,13.7,21.2,47,16.5,43,19.7,585,515,544,2218,3.6
Paul Reed,C,PHI,25,82,47,35,1590,112,295,19.4,29.3,67,22.8,84,41.4,455,468,490,1684,5.3
Payton Pritchard,PG,BOS,26,82,64,18,1826,109,195,10.3,15.2,39,15.5,6,2.6,496,487,462,1818,7.5
Reggie Jackson,PG,DEN,34,82,57,25,1817,111,122,6.3,9.5,44,17,12,5.9,636,515,472,1826,6.9
Cole Anthony,PG,ORL,24,81,47,34,1817,110,247,14,21.4,64,21.4,37,18,620,469,508,1764,7.1
Donte DiVincenzo,SG,NYK,27,81,50,31,2360,114,234,10.2,15.1,107,27.9,36,17.3,743,619,687,2326,6.4
Josh Hart,SF,NYK,29,81,49,32,2707,111,547,20.5,30,75,17.9,23,9.7,778,678,722,2584,10.1
Michael Porter Jr.,SF,DEN,26,81,57,24,2565,112,459,17.7,25.3,42,11.4,53,20.1,766,638,762,2716,8.4
Naz Reid,PF,MIN,24,81,56,25,1964,106,350,17,25.2,63,18.2,73,26.4,654,523,549,1870,10.4
Corey Kispert,SF,WAS,25,80,15,65,2067,119,195,9.1,14.1,42,13.4,16,8.5,801,696,643,2482,2.5
Dennis Schröder,PG,BKN,30,80,30,50,2486,115,203,8.2,12.1,63,18.3,17,7.1,778,722,740,2644,5.9
Josh Giddey,SG,OKC,21,80,56,24,2012,112,403,19,29,52,15.8,44,14.9,592,663,546,2044,7.1
Moritz Wagner,C,ORL,27,80,46,34,1415,111,230,16.8,25.7,39,16.7,21,15,496,351,438,1394,5.3
Paolo Banchero,PF,ORL,21,80,46,34,2799,112,472,17.8,25.7,71,14.8,47,15.8,934,729,852,2798,9.4
Pascal Siakam,PF,IND,30,80,38,42,2658,115,426,15.9,23.3,63,16.8,25,9.1,814,738,711,3022,6.2
Peyton Watson,SF,DEN,21,80,56,24,1488,110,202,12.1,19.1,42,20.5,88,40.2,542,476,389,1518,6
Andre Drummond,C,CHI,30,79,37,42,1351,113,443,33.1,49,73,32.9,48,31.6,441,381,356,1208,4
Anthony Edwards,SG,MIN,22,79,54,25,2770,109,378,13.1,19.1,101,22.4,42,11.5,948,715,765,2666,12
Bogdan Bogdanovic,SG,ATL,31,79,35,44,2401,114,219,9.2,13.4,96,24.9,26,12.5,785,611,780,2496,6.4
Brook Lopez,C,MIL,36,79,48,31,2411,112,292,11,15.7,43,14.7,189,65.9,774,685,757,2594,8.2
Coby White,PG,CHI,24,79,37,42,2881,116,314,11,16.2,53,12.5,18,6.8,910,825,776,2728,6.5
DeMar DeRozan,SF,CHI,34,79,37,42,2989,115,297,10.1,15,90,19.5,45,15.4,930,829,784,2804,7.8
Kyle Anderson,PF,MIN,30,79,55,24,1782,105,213,11.6,17.1,71,22.8,47,19.6,603,484,466,1656,9.7
Luguentz Dort,SF,OKC,25,79,54,25,2246,112,210,8.9,13.7,71,19,47,15.2,676,735,615,2150,7.5
Malik Beasley,SG,MIL,27,79,46,33,2337,113,249,9.8,14.1,59,18.7,9,3.4,713,641,709,2532,7.5
Nikola Jokić,C,DEN,29,79,55,24,2737,111,753,27,38.5,108,26,68,25.3,839,667,805,2882,10.3
Royce O'Neale,SF,PHX,31,79,38,41,1954,110,317,15.5,23.1,59,18.6,44,19,714,514,598,1874,7.5
Sam Hauser,SF,BOS,26,79,62,17,1741,107,231,12.2,17.8,40,16.7,25,10.4,485,479,398,1714,8.3
Tim Hardaway Jr.,SF,DAL,32,79,49,30,2120,116,232,10.6,16.4,42,14.3,6,3.1,640,698,666,2312,4.8
Aaron Holiday,PG,HOU,27,78,39,39,1269,108,100,7.5,10.9,42,19.5,6,5,404,364,314,1264,6
Aaron Wiggins,SG,OKC,25,78,55,23,1228,110,126,9.5,15.2,56,24.5,19,10.9,363,440,291,1220,4.8
Cameron Payne,PG,PHI,29,78,46,32,1304,113,96,7.3,11.1,42,21.1,11,7.6,381,385,363,1362,4
Collin Sexton,SG,UTA,25,78,29,49,2075,120,134,6.4,9.6,62,20.7,18,8,833,580,795,2222,1.9
Dejounte Murray,SG,ATL,27,78,34,44,2783,120,354,13,19.1,111,26.2,24,9.4,981,809,977,3158,3.3
Isaiah Joe,SG,OKC,24,78,54,24,1445,108,148,9.8,15.3,46,17.3,22,12.9,483,439,327,1308,6.8
Jeff Green,PF,HOU,37,78,39,39,1307,113,132,9.9,15,16,7.8,31,21.8,406,372,326,1380,4.2
Jordan Poole,SG,WAS,25,78,15,63,2346,120,180,7.4,11.5,86,24.2,25,9.8,814,817,752,2892,2.8
Kelly Olynyk,C,TOR,33,78,31,47,1759,119,303,16.9,26.4,74,26.4,30,17,775,612,611,1966,2.4
Ochai Agbaji,SG,TOR,24,78,31,47,1642,117,142,8.3,12.7,47,20.9,44,22.2,674,571,532,1832,3.1
Taurean Prince,PF,LAL,30,78,44,34,2108,117,209,9.5,14.1,58,18.4,35,15,724,659,777,2298,4.4
Jaden Ivey,SG,DET,22,77,14,63,2217,118,178,8.1,11.4,57,20.6,41,19,908,635,657,2544,3.9
Jalen Brunson,PG,NYK,27,77,49,28,2726,113,235,8.8,12.8,70,16.1,13,5.8,793,714,819,2720,8.7
Jarrett Allen,C,CLE,26,77,46,31,2442,111,568,23.1,33.6,53,13.5,81,36.3,883,642,725,2388,9.2
Keegan Murray,SF,SAC,23,77,43,34,2589,113,314,12.6,17.8,79,18,59,27.7,869,550,581,2630,7.6
Klay Thompson,SF,GSW,34,77,41,36,2284,116,219,9.3,13.8,50,16.1,35,17.2,808,636,702,2470,5
Myles Turner,C,IND,28,77,45,32,2076,116,420,19.8,29.1,39,13.5,144,53.3,642,574,540,2514,4.9
Tre Jones,PG,SAS,24,77,21,56,2138,112,231,10.4,15.1,78,23.2,9,3,820,627,590,2416,7.3
Anthony Davis,C,LAL,31,76,45,31,2700,114,722,25.2,36.6,91,21.9,178,52.5,911,802,882,2764,7.5
Ayo Dosunmu,SG,CHI,24,76,37,39,2212,115,162,7.2,10.8,68,19.9,36,15.8,715,635,611,2106,5.6
D'Angelo Russell,PG,LAL,28,76,46,30,2484,114,208,7.9,11.6,69,18.1,36,12,783,792,809,2718,7
Derrick Jones Jr.,SF,DAL,27,76,47,29,1783,112,168,8.9,13.5,53,20.2,51,24.4,578,515,600,1894,5.9
Grant Williams,PF,CHA,25,76,34,42,2130,117,232,11,16.8,44,14.6,39,20,715,641,674,2384,4.4
Herbert Jones,SF,NOP,25,76,46,30,2321,111,198,8.4,12.1,105,26.3,62,25.3,722,587,617,2218,8.4
Jabari Smith Jr.,PF,HOU,21,76,39,37,2424,114,477,19.1,28.5,52,14.9,61,28.8,722,710,560,2454,6.8
Jusuf Nurkic,C,PHX,29,76,48,28,2078,111,613,28.4,40,81,25.3,80,35.9,747,509,605,2148,7.4
Kentavious Caldwell-Pope,SG,DEN,31,76,54,22,2402,111,152,6.2,9,98,26.6,42,16.9,740,634,701,2554,8.7
Mike Conley,PG,MIN,36,76,53,23,2193,108,181,8.1,11.8,88,26.2,17,6.3,782,598,597,2116,9.7
Nikola Vucevic,C,CHI,33,76,36,40,2610,116,591,22.9,33.9,50,12.9,60,25.2,844,737,722,2476,6
Norman Powell,SG,LAC,31,76,48,28,1990,113,179,8.5,13,43,13.6,22,9.6,660,592,616,2054,6.2
Pat Connaughton,SF,MIL,31,76,45,31,1676,116,188,11.2,16.4,40,16.2,19,12.3,500,469,468,1792,3.8
Rudy Gobert,C,MIN,32,76,53,23,2593,107,697,25.6,36.8,52,13.2,162,50,917,663,708,2352,12.5
Spencer Dinwiddie,PG,LAL,31,76,38,38,2152,115,175,7.7,11.4,51,19.6,22,8.5,641,634,662,2274,5.1
Deni Avdija,SF,WAS,23,75,14,61,2257,116,456,19.2,29.3,59,16.9,36,16.3,831,768,712,2792,4.9
Drew Eubanks,C,PHX,27,75,42,33,1169,112,219,17.6,27.9,27,15.9,61,37,442,384,383,1142,3.8
Grayson Allen,SG,PHX,28,75,45,30,2513,114,247,9.4,14,69,18.5,45,15.3,945,734,732,2668,7
Isaiah Hartenstein,C,NYK,26,75,47,28,1896,110,382,20.1,29,87,27.9,85,49.1,551,471,547,1830,7.4
Jaime Jaquez Jr.,SF,MIA,23,75,44,31,2113,110,203,9.4,13.8,77,24.2,20,12.9,684,595,552,2038,8.1
Jalen Suggs,SG,ORL,23,75,43,32,2025,111,181,9.5,13.4,106,29.9,47,22.5,733,489,621,1996,7.6
Kevin Durant,PF,PHX,35,75,44,31,2791,113,454,15.5,22.9,69,15.8,91,27.7,1062,827,851,2990,8.3
Keyonte George,PG,UTA,20,75,27,48,2023,119,196,9.5,13.9,36,14.8,7,2.9,824,605,847,2244,2.8
Malaki Branham,PG,SAS,21,75,18,57,1594,117,120,7.4,10.9,27,13,8,3.8,641,479,491,1866,3.1
Shai Gilgeous-Alexander,PG,OKC,25,75,55,20,2553,110,350,12.8,19.7,150,32.8,67,19,721,805,632,2438,10.3
Terance Mann,SG,LAC,27,75,47,28,1873,115,167,8.8,12.8,43,15.5,15,8.8,646,523,549,1926,4.7
Brandin Podziemski,SG,GSW,21,74,41,33,1968,112,309,14.9,21.5,61,21.6,14,7.4,684,587,576,1972,6.8
Brandon Miller,SF,CHA,21,74,18,56,2383,119,255,11.2,16.6,66,19.3,42,18.9,851,704,654,2710,3.2
Daniel Gafford,PF,DAL,25,74,30,44,1814,116,367,18.6,29.3,65,22.8,153,57.7,577,641,580,2010,4.1
De'Aaron Fox,PG,SAC,26,74,42,32,2659,112,273,10.4,14.8,150,35,31,13.2,862,576,664,2678,8.8
Jayson Tatum,PF,BOS,26,74,57,17,2645,111,534,18.7,27.5,75,20.1,43,12.3,708,766,698,2636,10
Jeremy Sochan,PF,SAS,21,74,18,56,2193,115,339,15.3,22.3,62,19,40,13.7,881,613,664,2562,5.4
Jonathan Kuminga,PF,GSW,21,74,40,34,1950,112,263,12.6,18.6,55,18.6,36,18.8,652,556,592,2050,6.5
Julian Champagnie,SF,SAS,23,74,19,55,1468,114,164,11.1,15.9,48,20.2,42,18.4,578,401,438,1706,4.3
Kevon Looney,C,GSW,28,74,43,31,1194,114,276,22.2,32.1,28,18.7,29,30.9,449,302,392,1182,3.3
Paul George,PF,LAC,34,74,48,26,2502,112,351,13.8,20.2,113,26.9,37,14,749,682,686,2440,8.2
Precious Achiuwa,PF,NYK,24,74,40,34,1624,112,296,18.2,27.7,46,18.5,68,40.5,547,461,467,1630,5.3
Stephen Curry,PG,GSW,36,74,43,31,2422,115,293,11.6,16.9,54,16.1,28,12.6,906,650,814,2530,6.3
Aaron Gordon,PF,DEN,28,73,49,24,2297,111,297,12.9,18.4,56,16.2,45,19.3,733,582,681,2510,8.3
Clint Capela,C,ATL,30,73,33,40,1883,116,441,23.2,33.5,43,15,106,56.4,623,522,688,2078,4.4
Damian Lillard,PG,MIL,33,73,48,25,2578,112,284,10.2,14.7,72,20.7,18,6.4,811,719,789,2786,8.4
Derrick White,SG,BOS,29,73,58,15,2381,110,259,10,14.6,74,22.4,87,25.5,624,686,625,2374,9.5
Fred VanVleet,PG,HOU,30,73,38,35,2684,112,245,8.9,13.2,101,23.9,59,23.7,800,733,573,2658,9.2
Giannis Antetokounmpo,PF,MIL,29,73,45,28,2567,113,645,23.7,34.3,87,23.9,79,28.5,772,692,653,2704,7.8
Jaden Hardy,SG,DAL,21,73,44,29,989,115,111,11,17.1,22,15.8,4,4.4,370,326,336,1090,2.6
P.J. Washington,PF,DAL,25,73,30,43,2221,116,326,14.7,21.6,72,21.8,59,22.3,741,628,651,2308,5.1
Patrick Beverley,PG,MIL,35,73,43,30,1463,112,190,12.5,19.3,43,17.4,31,18.1,433,434,404,1400,4.7
Aaron Nesmith,SF,IND,24,72,41,31,1995,115,212,10.3,15.8,65,21,49,19.1,621,606,492,2304,5
Cedi Osman,SF,SAS,29,72,17,55,1269,119,155,12.2,18.5,36,19.9,11,7.1,485,406,405,1420,1.7
Davion Mitchell,PG,SAC,25,72,41,31,1101,112,76,7.1,10.2,17,10,3,3.7,386,265,257,1074,3.6
Dillon Brooks,SF,HOU,28,72,36,36,2227,114,193,8.4,12.7,64,18.7,10,5,720,657,502,2238,6.4
Franz Wagner,SF,ORL,22,72,44,28,2337,108,309,13.7,19.6,76,19,28,11.3,729,540,703,2240,10.4
Jabari Walker,SF,POR,21,72,18,54,1701,117,357,22.2,34.9,42,16.2,22,14.1,674,511,620,1916,3.5
Jaden McDaniels,SF,MIN,23,72,48,24,2105,110,168,7.8,11.5,63,19.2,42,17.3,712,572,567,2020,7.9
James Harden,PG,LAC,34,72,46,26,2470,115,335,13.4,20.1,77,19.1,57,22.1,757,675,706,2506,5.9
Jevon Carter,PG,CHI,28,72,35,37,1004,109,49,4.9,7.4,37,18.2,16,14.7,275,298,265,894,4.4
Malik Monk,SG,SAC,26,72,42,30,1872,115,184,10.1,14.6,45,17.2,39,22.9,648,459,453,1890,4.7
Alex Caruso,SG,CHI,30,71,34,37,2040,111,211,10.3,15.4,120,34.2,70,33,630,573,536,1854,7.8
Andrew Wiggins,SF,GSW,29,71,38,33,1920,116,213,10.5,15.8,42,17.5,41,22.9,741,592,595,2004,4.1
Bam Adebayo,C,MIA,26,71,40,31,2416,109,578,24.2,34.9,81,20,66,37.3,746,677,667,2268,9.9
Gary Trent Jr.,SG,TOR,25,71,24,47,1994,118,163,8.3,12.8,77,24.3,10,5.3,683,665,591,2324,3.1
Jalen Williams,PF,OKC,23,71,51,20,2224,109,245,10.2,15.8,80,20.5,45,13.8,632,718,567,2190,9.6
LeBron James,PF,LAL,39,71,41,30,2504,114,457,17.2,25.3,89,23.1,38,13,886,767,815,2626,7.2
Marcus Sasser,PG,DET,23,71,11,60,1351,116,114,8.5,12.8,44,23.5,12,10.3,562,395,433,1516,3.1
Nic Claxton,C,BKN,25,71,27,44,2116,114,513,23.9,35.9,46,16,146,57.5,663,606,751,2116,5.9
T.J. McConnell,PG,IND,32,71,40,31,1291,115,155,12.5,19.4,72,32,8,5.7,431,404,355,1562,3.2
Victor Wembanyama,C,SAS,20,71,19,52,2106,111,594,27.3,38.9,88,27.4,254,70.8,832,566,610,2298,7.6
Amir Coffey,SF,LAC,27,70,46,24,1461,118,119,8,12.5,41,18.6,14,9,537,427,515,1660,2.4
Jaxson Hayes,C,LAL,24,70,41,29,877,114,142,14.9,22.7,34,27,29,41.4,336,294,327,962,2.4
Jaylen Brown,SF,BOS,27,70,52,18,2343,112,303,11.9,17.5,83,25.5,37,11,663,690,669,2334,8.3
Kyle Kuzma,PF,WAS,28,70,13,57,2281,121,402,17,27.1,37,10.6,49,19,775,817,733,2918,1.9
Luka Doncic,PG,DAL,25,70,46,24,2624,114,588,21.8,32.2,99,25.7,38,13.5,780,728,879,2766,7.5
Max Strus,SF,CLE,28,70,43,27,2239,110,272,11.7,17.3,64,16.8,29,13.4,803,613,667,2148,9.1
Tobias Harris,PF,PHI,31,70,41,29,2368,112,373,15.6,23.2,70,17.6,46,14.7,678,634,758,2492,7.7
Toumani Camara,PF,POR,24,70,19,51,1739,112,204,11.9,18.2,66,22.7,33,22.1,689,500,616,1856,6.2
Tyrese Maxey,PG,PHI,23,70,43,27,2626,113,222,8.5,12.8,69,15.7,33,9.6,730,750,875,2782,7.9
Zion Williamson,PF,NOP,23,70,42,28,2207,112,284,12.7,18.5,76,19.1,47,20.5,741,596,686,2162,7.8
Anthony Black,PG,ORL,20,69,39,30,1164,109,106,9.3,13.6,35,18,21,13.7,452,279,400,1204,5
Isaac Okoro,SF,CLE,23,69,41,28,1887,111,139,7.2,10.6,57,20.2,34,18,682,474,545,1848,7.1
Jaylin Williams,C,OKC,22,69,48,21,897,108,198,21.6,32.5,28,17.4,27,29.3,303,251,214,836,4
Jrue Holiday,PG,BOS,34,69,53,16,2263,111,289,11.7,17.2,61,19.7,53,17.6,629,664,610,2198,8.3
Keldon Johnson,SF,SAS,24,69,17,52,2038,116,282,13.5,19.8,51,17.5,20,8.4,745,631,626,2316,4.5
Kenrich Williams,PF,OKC,29,69,49,20,1029,107,148,14,20.9,38,19.4,9,6.7,335,297,263,992,5
Malachi Flynn,PG,DET,26,69,28,41,877,115,93,10.6,17.2,38,25.5,8,8.8,345,305,241,968,2.3
Miles Bridges,SF,CHA,26,69,17,52,2581,120,434,17.6,26.1,65,18.5,33,15.1,887,748,747,2864,2.6
Tyrese Haliburton,PG,IND,24,69,40,29,2224,116,236,10.2,15.5,83,24.9,48,16.2,675,706,641,2804,4.8
Zach Collins,C,SAS,26,69,19,50,1526,116,252,16.2,23.5,34,17.6,52,36.4,627,429,472,1724,3.2
Andrew Nembhard,PG,IND,24,68,41,27,1697,114,105,6,9.3,63,23,6,2.8,546,503,463,1934,4.7
Caris LeVert,SG,CLE,29,68,38,30,1958,111,241,12.1,18.2,76,25.6,34,16.6,662,556,571,1890,7.1
Devin Booker,PG,PHX,27,68,43,25,2447,114,252,9.8,14.6,61,16.5,28,9.8,883,712,697,2474,7.1
Devin Vassell,SG,SAS,23,68,17,51,2248,115,234,10.2,15,73,20.3,23,7.8,919,661,684,2684,5.9
Dorian Finney-Smith,PF,BKN,31,68,28,40,1935,113,208,10.7,15.9,56,20.8,38,19.3,588,544,571,1978,5.8
Duncan Robinson,SF,MIA,30,68,38,30,1905,111,158,8.4,12.1,46,15.9,16,10.8,617,515,521,1816,6.9
Duop Reath,C,POR,28,68,17,51,1214,117,157,13.8,21.7,33,17.1,38,38.8,434,379,433,1346,2.4
Eric Gordon,SG,PHX,35,68,41,27,1893,112,106,5.2,8,66,22.1,30,11.8,736,587,552,1978,6.3
Immanuel Quickley,SG,TOR,25,68,28,40,1985,114,242,12,17.8,50,16.1,10,5.5,603,562,540,2056,5.4
Ivica Zubac,C,LAC,27,68,42,26,1794,112,430,23.5,33.6,22,7.7,83,47.4,558,481,506,1692,5.7
Joe Ingles,SF,ORL,36,68,42,26,1169,110,124,11.1,17,43,21.7,5,4.2,388,313,342,1172,4.5
John Collins,PF,UTA,26,68,27,41,1901,122,418,22.2,32.5,40,16.1,61,30.3,722,532,769,2106,1.1
Kawhi Leonard,SF,LAC,33,68,44,24,2330,111,332,13.8,20.5,111,27,59,24.3,678,647,631,2274,8.3
Kelly Oubre Jr.,SF,PHI,28,68,40,28,2055,114,247,12.1,18.3,77,21.2,47,18.4,613,601,679,2080,5.8
Miles McBride,PG,NYK,23,68,42,26,1328,111,69,5.3,8,50,24,7,6.4,426,338,333,1244,4.9
Rui Hachimura,PF,LAL,26,68,40,28,1825,114,236,12.1,17.7,41,15.2,25,12.3,596,553,557,1968,5.3
Russell Westbrook,PG,LAC,35,68,45,23,1529,113,250,15.4,23.2,74,28.2,23,15.1,506,483,545,1652,5
Trayce Jackson-Davis,PF,GSW,24,68,39,29,1130,113,206,17.2,25.7,29,17,76,55.1,399,352,316,1192,3.5
Bruce Brown,SG,TOR,27,67,26,41,1865,121,231,12.6,19.3,59,20,17,8.1,714,645,556,2340,1.3
Jordan Hawkins,SG,NOP,22,67,38,29,1161,114,119,10,15.5,19,10.1,7,7.3,392,344,361,1152,3.2
Max Christie,SG,LAL,21,67,38,29,944,110,127,12.2,17.5,20,15.7,17,15.3,364,289,344,990,3.7
Nick Richards,C,CHA,26,67,14,53,1759,118,367,21.8,32.7,26,10.7,74,43,629,464,526,1988,2.7
Alec Burks,SG,NYK,32,66,18,48,1212,119,126,10.3,16.2,28,19.2,12,9.6,504,349,346,1352,1.9
Cam Thomas,SG,BKN,22,66,23,43,2075,117,186,8.9,13.5,45,16,16,7.2,674,597,742,2176,4.2
CJ McCollum,PG,NOP,32,66,42,24,2159,112,247,11.6,16.4,62,17.3,41,19.2,655,550,594,2116,7.1
Garrison Mathews,SG,ATL,27,66,29,37,992,116,75,7.9,12,20,13.3,8,11,370,262,328,1020,2.3
Haywood Highsmith,PF,MIA,27,66,39,27,1366,109,145,10.7,15.6,53,24.1,30,28.8,489,382,384,1288,5.8
Jaren Jackson Jr.,C,MEM,24,66,22,44,2124,114,280,13.2,20.1,80,22.2,106,37.1,749,636,668,2074,6
Kris Dunn,PG,UTA,30,66,25,41,1249,117,139,10.9,16.2,68,33.7,28,21.7,467,353,490,1322,2.4
Moses Moody,SG,GSW,22,66,38,28,1156,110,131,10.8,15.7,42,23.7,24,22.6,396,297,377,1128,4.4
Naji Marshall,SF,NOP,26,66,41,25,1257,107,187,14.2,21.2,49,21.1,12,11.3,393,341,368,1168,6.2
Simone Fontecchio,SF,DET,28,66,29,37,1644,115,182,10.7,15.4,44,17.1,23,12.8,573,429,607,1796,4.4
Tyus Jones,PG,WAS,28,66,11,55,1933,123,159,8.1,12.9,71,23.4,18,7.9,665,713,665,2546,0.7
Al Horford,C,BOS,38,65,51,14,1740,110,331,17.8,25.5,38,16.7,62,25.8,481,463,422,1710,7.1
David Roddy,PF,PHX,23,65,25,40,1177,114,158,13.4,20.5,27,15.8,11,7.6,436,371,325,1232,3.4
Jae'Sean Tate,SF,HOU,28,65,32,33,1031,105,136,12.7,18.1,42,21.6,15,16,299,292,232,972,5.6
Matisse Thybulle,SF,POR,27,65,18,47,1487,115,106,7.4,12.1,113,40.1,49,32.5,587,489,541,1692,3.7
Brandon Ingram,SF,NOP,26,64,38,26,2103,113,281,13.3,18.9,50,14.9,40,18.8,689,555,611,2058,6.7
Caleb Martin,SF,MIA,28,64,36,28,1757,111,207,11.9,17.4,47,18.6,29,25,540,483,447,1588,6.3
Dario Saric,C,GSW,30,64,35,29,1098,115,210,19.2,28,31,19.3,10,13,407,277,319,1168,2.6
Doug McDermott,SF,IND,32,64,22,42,904,121,49,5.4,8.2,16,12.9,2,1.9,300,299,271,996,0.7
Kevin Huerter,SG,SAC,25,64,37,27,1562,115,186,12.4,17.4,45,17.7,23,18.3,500,367,379,1712,3.9
Walker Kessler,C,UTA,22,64,26,38,1493,116,316,19.9,29.8,30,15.5,154,72,641,469,590,1506,3.3
Alperen Sengun,C,HOU,21,63,29,34,2046,113,406,19.3,28.1,76,24.1,46,27.7,589,582,463,2006,6.1
Ausar Thompson,SF,DET,21,63,10,53,1583,113,273,17.3,25.2,68,31.8,59,33.1,617,436,484,1658,4.9
Bilal Coulibaly,SF,WAS,19,63,11,52,1715,118,200,11.6,18.8,57,19.1,48,25.7,625,632,554,2182,2.6
Dwight Powell,C,DAL,32,63,38,25,836,114,117,13.9,21.4,26,20.5,20,37.7,265,273,272,884,2.3
James Wiseman,C,DET,23,63,9,54,1091,118,226,20.7,32.2,12,8.2,39,35.1,471,369,362,1248,1.8
JT Thor,PF,CHA,21,63,16,47,781,111,103,13.2,19.3,11,10.7,27,36.5,262,216,211,806,3
Luke Kornet,C,BOS,28,63,48,15,983,110,143,14.1,20.3,23,18.3,61,52.6,275,263,262,928,3.9
Saddiq Bey,SF,ATL,25,63,28,35,2062,119,244,11.9,17.9,51,17.3,11,5.7,698,613,685,2400,2.7
Trendon Watford,PF,BKN,23,63,25,38,857,113,142,16.2,23.8,23,20,19,23.8,329,245,306,790,2.7
Amen Thompson,SF,HOU,21,62,30,32,1389,109,261,18.4,27,78,28.4,38,25.3,453,366,384,1430,5.9
Cade Cunningham,PG,DET,22,62,9,53,2074,118,235,11.5,16.3,56,20.3,22,10.6,865,557,589,2302,3.5
Goga Bitadze,C,ORL,24,62,34,28,957,110,177,18.7,27.1,32,21.1,72,53.7,319,261,282,988,3.7
Karl-Anthony Towns,PF,MIN,28,62,42,20,2026,109,421,20.4,29.4,43,14.7,41,18.2,691,530,546,1992,8.4
Kris Murray,SF,POR,23,62,12,50,1348,112,139,10.7,16,53,25,21,18.8,551,353,489,1372,4.5
Scoot Henderson,PG,POR,20,62,18,44,1765,120,141,8.3,13.2,48,17.6,13,8.8,717,536,646,1996,2.1
Blake Wesley,SG,SAS,21,61,19,42,876,112,76,8.4,12.5,29,22,9,9.2,308,262,261,966,2.9
Day'Ron Sharpe,C,BKN,22,61,25,36,921,108,228,23.5,35.1,24,17.1,44,45.4,314,239,270,868,4.2
Dyson Daniels,PG,NOP,21,61,34,27,1359,112,174,12.6,19,85,34.1,25,20.2,443,392,360,1314,4.7
Jalen Duren,C,DET,20,61,13,48,1777,117,517,28.5,39.8,33,15,47,26,737,481,514,1994,3.4
Jalen Smith,C,IND,24,61,36,25,1047,119,225,21.9,34.2,17,9.7,38,36.5,353,352,324,1276,1.6
Larry Nance Jr.,C,NOP,31,61,34,27,1216,108,213,17.6,26.1,61,26.5,19,18.6,410,300,344,1160,5.4
Sam Merrill,SG,CLE,28,61,36,25,1069,111,98,9.1,13.2,19,13.8,4,4.4,381,254,324,1038,3.8
Santi Aldama,PF,MEM,23,61,23,38,1618,115,280,17.3,27.1,43,16.7,54,25,613,478,502,1594,4.2
Terry Rozier,SG,MIA,30,61,22,39,2040,117,212,11,16,63,21,21,11.9,664,578,616,2084,3.8
Daniel Theis,C,LAC,32,60,38,22,1015,113,159,15,23.8,21,12.7,51,39.2,317,326,338,1100,3.1
Gradey Dick,SG,TOR,20,60,18,42,1268,119,105,8.5,13.3,34,16.2,2,2.2,512,418,427,1490,1.7
Isaiah Jackson,C,IND,22,60,37,23,771,112,144,18.7,30.5,34,23.6,61,55.5,283,271,216,902,2.7
Jimmy Butler III,SF,MIA,34,60,33,27,2042,111,213,10.6,15.3,79,23.7,17,11.3,663,570,569,1968,7.7
Josh Okogie,SG,PHX,25,60,37,23,960,112,80,8.1,12.4,48,28.9,24,20.5,391,309,293,1020,3.4
KJ Martin,SF,PHI,23,60,33,27,746,111,90,12,19.4,22,14.9,12,13.6,252,258,199,814,2.9
Kyle Lowry,PG,PHI,38,60,32,28,1690,112,160,9.8,14.5,59,22.2,21,14,578,432,544,1606,5.7
Nicolas Batum,PF,PHI,35,60,36,24,1530,112,178,11.5,17.5,48,18.9,38,17.9,478,433,450,1626,5.1
Scottie Barnes,SG,TOR,22,60,22,38,2094,116,353,16.7,25.1,75,22.8,88,38.1,681,645,537,2326,4.8
Vasilije Micić,PG,CHA,30,60,34,26,1176,115,74,6.3,9.8,31,17.3,7,6.3,429,391,327,1226,3
Bennedict Mathurin,SF,IND,22,59,33,26,1538,118,174,11.3,17.8,35,13.9,14,8.4,582,532,457,1972,2.6
Bryce McGowens,SG,CHA,21,59,11,48,882,116,85,9.8,15.3,21,18.6,10,11.4,307,263,219,924,1.9
Caleb Houstan,SF,ORL,21,59,31,28,815,111,56,6.7,10.1,15,14.3,4,4.7,284,225,252,820,2.9
Chris Duarte,SF,SAC,27,59,35,24,720,114,80,11.3,16.6,28,24.6,8,13.8,283,170,178,726,2.1
Dalen Terry,SG,CHI,21,59,27,32,681,111,84,12.4,17.6,27,22.3,18,25.4,218,176,184,580,2.6
Jamal Murray,PG,DEN,27,59,44,15,1861,112,200,10.5,15.6,57,20.4,39,16.3,635,545,566,2042,6
Troy Brown Jr.,SF,DET,24,59,30,29,827,114,119,14.3,20.6,24,19.8,3,3.8,350,232,240,956,2.2
Cameron Johnson,PF,BKN,28,58,21,37,1599,115,196,12.4,18.4,49,22.4,15,8.5,456,478,505,1588,4
Chris Paul,PG,GSW,39,58,33,25,1531,111,207,12.6,19.3,70,29.3,6,4.6,509,475,403,1508,5.5
Jonathan Isaac,PF,ORL,26,58,35,23,915,102,187,20.1,30.8,43,24.3,70,54.3,295,194,246,768,5.7
Justin Holiday,SG,DEN,35,58,38,20,862,109,62,6.9,10.5,36,24.2,9,8.1,296,242,270,904,3.7
Kyrie Irving,SG,DAL,32,58,39,19,2030,113,246,11.6,17.5,74,25,28,12.2,583,599,587,2088,6.4
Lonnie Walker IV,SG,BKN,25,58,23,35,1011,112,114,11,16.5,32,19.6,20,20.8,374,300,324,1008,3.5
RJ Barrett,SG,TOR,24,58,26,32,1838,117,262,14,21.3,31,10.7,22,13.4,621,570,617,2038,3.6
Trey Lyles,PF,SAC,28,58,33,25,1158,110,196,16.6,24,17,11.5,19,16.2,388,277,296,1094,4.5
Zeke Nnaji,PF,DEN,23,58,41,17,576,115,64,10.3,17.3,15,16.5,38,36.5,209,212,112,586,1.5
Andre Jackson Jr.,SG,MIL,22,57,33,24,572,120,70,12.7,18.8,16,20.8,6,10.9,192,178,162,640,0.7
Ben Sheppard,SG,IND,22,57,32,25,814,114,74,9.2,14.2,33,21.9,2,2.1,240,256,253,974,2.3
Bojan Bogdanović,PF,NYK,35,57,20,37,1478,121,130,9.2,13.6,30,17.4,5,4.2,593,424,396,1702,1
Darius Garland,PG,CLE,24,57,31,26,1900,111,122,6.4,9.6,74,24.3,7,4,691,538,541,1804,6.7
De'Andre Hunter,SF,ATL,26,57,26,31,1681,118,191,11.6,17.5,40,14.9,16,10,583,486,564,1856,2.8
Jordan Goodwin,PG,MEM,25,57,30,27,1056,110,165,15.1,23.1,48,25.3,18,12.3,401,269,293,1064,4.2
Josh Green,SG,DAL,23,57,32,25,1505,119,144,9.6,14.4,47,21.6,9,6.5,526,472,495,1646,2.1
Keon Ellis,SG,SAC,24,57,33,24,978,109,92,9.4,13.6,51,31.3,29,28.2,310,206,219,974,4.1
Kristaps Porziņģis,C,BOS,28,57,43,14,1690,110,312,16.3,23.8,42,19.3,111,42.2,469,503,513,1626,6.9
Mo Bamba,C,PHI,26,57,30,27,740,111,161,21.8,33.3,22,17.1,60,58.3,209,189,269,690,2.8
Trey Murphy III,SF,NOP,24,57,35,22,1690,108,238,13.9,19.8,51,16.3,28,17.2,508,411,451,1644,7.5
AJ Green,SG,MIL,24,56,35,21,614,111,55,8.9,13.3,9,9.1,4,8.2,191,177,108,550,2.3
Dennis Smith Jr.,PG,BKN,26,56,19,37,1059,110,114,10.8,16.6,68,37.6,12,13.3,331,292,277,988,4.2
Jalen Johnson,SF,ATL,22,56,27,29,1889,115,414,21.1,31.2,67,22,47,24,627,531,705,2048,4.7
Jock Landale,C,HOU,28,56,28,28,763,105,84,10.2,15.1,20,15.7,33,37.5,261,230,212,750,4.1
Jordan McLaughlin,PG,MIN,28,56,35,21,626,100,54,8.7,12.4,35,26.9,7,10.3,168,145,154,556,4.3
Jose Alvarado,PG,NOP,26,56,38,18,1028,105,103,9.6,14.7,59,28,15,16.1,341,278,290,948,5.5
Dante Exum,PG,DAL,28,55,36,19,1088,111,124,10.8,16,22,15.8,5,4.5,287,306,320,1092,4.1
Deandre Ayton,C,POR,25,55,14,41,1783,115,433,25,37.4,56,20,42,27.5,714,496,607,1994,4.3
Dereck Lively II,C,DAL,20,55,35,20,1294,116,243,17.9,26.5,36,20.5,77,51.7,388,352,454,1362,3
Donovan Mitchell,SG,CLE,27,55,36,19,1943,109,234,11.6,17,101,30.4,30,14.7,649,532,563,1880,8.5
Draymond Green,PF,GSW,34,55,33,22,1490,111,322,20,28.8,55,24.7,47,31.1,520,380,474,1442,5.7
John Konchar,SF,MEM,28,55,18,37,1174,112,185,16.4,24.3,51,25.8,51,29.7,469,315,334,1202,3.9
Jordan Clarkson,SG,UTA,32,55,22,33,1682,120,139,8.3,12.3,35,16.3,6,3.1,672,501,637,1816,1.9
Kevin Love,PF,MIA,35,55,31,24,924,108,279,29.5,43.5,18,14.3,10,21.3,301,203,222,914,4.2
Khris Middleton,SF,MIL,32,55,31,24,1487,115,217,13.4,19.7,51,27.4,15,8.8,448,458,426,1558,3.9
Lauri Markkanen,PF,UTA,27,55,22,33,1820,117,327,17.6,25.8,50,19.5,26,13.6,703,516,666,1974,3.6
Onyeka Okongwu,C,ATL,23,55,23,32,1405,119,231,16.9,25.2,26,11.6,60,50.4,479,411,458,1586,1.9
Oshae Brissett,SF,BOS,26,55,46,9,630,106,99,14.8,21.5,19,19.6,8,11.3,189,165,191,680,3.2
Wendell Carter Jr.,C,ORL,25,55,30,25,1406,110,269,20.7,29,35,14.2,28,24.8,471,331,434,1316,5.6
Dalano Banton,PG,POR,24,54,24,30,1047,115,137,13,19.7,33,21.4,20,20.2,422,301,369,1074,2.7
Dean Wade,PF,CLE,27,54,36,18,1108,104,181,15.4,22.3,40,21.5,25,21,382,250,312,1088,6.5
Gary Harris,SG,ORL,29,54,35,19,1297,110,67,5.5,7.9,49,22,14,10.3,406,357,363,1280,5
Jerami Grant,PF,POR,30,54,17,37,1830,118,154,8.7,13.7,45,16.4,34,19.3,671,548,622,2132,3.3
Kessler Edwards,SF,SAC,23,54,32,22,275,105,33,12.6,18.4,10,20.4,4,16.7,102,59,67,246,1.6
Trae Young,PG,ATL,25,54,22,32,1942,119,126,6.5,9.9,72,23.3,11,5.8,660,625,734,2336,2.7
Xavier Tillman,PF,BOS,25,54,30,24,975,109,141,14.9,22.5,51,27.1,44,34.1,339,275,293,990,4
Bradley Beal,SG,PHX,31,53,33,20,1767,113,178,9.9,14.6,52,18.4,27,14.1,677,509,566,1850,5.3
Keita Bates-Diop,SF,BKN,28,53,29,24,665,113,79,11.8,18.1,25,27.5,22,22.4,247,164,207,664,2
Mike Muscala,C,OKC,33,53,17,36,600,114,86,13.9,20.6,9,11.3,13,26,221,170,197,702,1.7
Torrey Craig,SF,CHI,33,53,22,31,1049,118,148,14.8,21.6,30,16.9,21,22.6,302,292,286,1022,1.6
Jordan Nwora,SF,TOR,25,52,14,38,711,117,121,16.6,26.3,26,19.8,13,15.7,286,239,276,832,1.5
Vince Williams Jr.,SG,MEM,23,52,18,34,1437,111,231,16.3,24.9,47,18.9,34,16.9,513,409,413,1496,5
Chimezie Metu,C,DET,27,51,24,27,859,112,153,17.7,26.7,43,29.5,16,20.3,339,245,265,892,2.8
Craig Porter Jr.,PG,CLE,24,51,30,21,649,113,88,13.8,19.3,21,27.3,15,25.4,271,143,185,610,1.9
Gordon Hayward,SF,OKC,34,51,25,26,1245,118,143,11.6,17.1,40,20.5,13,9,458,392,381,1366,2
Nick Smith Jr.,SG,CHA,20,51,9,42,729,115,54,7.8,11.9,10,9.6,7,10,250,207,207,750,1.8
Quentin Grimes,SG,DET,24,51,32,19,1025,109,85,8,11.9,35,24,7,8,313,293,317,1038,4.2
Talen Horton-Tucker,PG,UTA,23,51,14,37,1009,118,100,9.4,14.6,45,29.8,19,14.6,410,315,326,1020,1.7
Ziaire Williams,SF,MEM,22,51,20,31,1038,112,145,13.8,21.5,36,19.7,9,7.2,400,325,335,1086,3.4
Anthony Gill,PF,WAS,31,50,9,41,466,112,57,11.7,18.4,13,18.8,11,24.4,155,151,106,472,1.6
Chris Boucher,PF,TOR,31,50,16,34,705,114,145,20.2,30.9,14,12.5,24,34.3,214,241,206,704,2
Christian Wood,PF,LAL,28,50,28,22,872,110,215,22.6,33,16,13.1,33,30,332,263,299,856,3.4
Evan Mobley,PF,CLE,23,50,29,21,1532,110,357,22.1,32.8,45,18.6,72,45,552,441,461,1458,6.1
Jae Crowder,PF,MIL,33,50,25,25,1156,115,130,11.3,16.4,38,21.7,9,8.6,335,273,360,1246,2.9
Jakob Poeltl,C,TOR,28,50,21,29,1319,114,283,21.4,30.9,35,16.7,76,53.1,425,358,372,1390,3.6
Jalen McDaniels,SF,TOR,26,50,12,38,538,115,61,11,17.2,19,23.5,6,10.3,227,193,186,620,1.4
Johnny Davis,SG,WAS,22,50,8,42,613,115,54,8.8,13.5,18,18.2,10,17.2,195,190,181,716,1.5
Julian Strawther,SF,DEN,22,50,34,16,545,115,56,9.6,14.9,17,21.8,7,10,222,161,153,560,1.3
Marvin Bagley III,C,WAS,25,50,7,43,1053,116,182,17.5,25.3,20,13.6,33,36.3,379,295,314,1244,2.4
OG Anunoby,SF,NYK,26,50,31,19,1702,107,161,9.1,13.1,68,24.5,36,20.6,530,466,478,1766,8.2
Danilo Gallinari,SF,MIL,35,49,15,34,629,118,88,14.6,21.8,14,16.7,6,15,203,196,141,722,1.1
Jaden Springer,SG,BOS,21,49,32,17,507,113,45,9.3,14.4,36,34,15,27.3,136,143,142,552,1.6
Marcus Morris Sr.,PF,CLE,34,49,26,23,817,115,111,13.9,21.3,15,12,13,16.9,261,228,284,834,2.1
Tristan Thompson,C,CLE,33,49,28,21,549,114,101,17.9,26,12,17.6,14,35.9,200,136,181,510,1.6
Alex Len,C,SAC,31,48,24,24,444,101,82,17.9,25.8,11,15.3,33,61.1,120,93,97,364,3
Cam Reddish,SF,LAL,24,48,27,21,984,113,72,7.1,10.5,47,25.3,14,12.5,396,308,327,1048,3.2
GG Jackson,PF,MEM,19,48,14,34,1233,111,143,11.4,17.7,28,12.2,24,16,520,370,441,1300,4.4
MarJon Beauchamp,SF,MIL,23,48,30,18,608,115,77,12.3,18.6,13,12.6,7,12.1,219,201,167,644,1.6
Omer Yurtseven,C,UTA,26,48,17,31,545,117,136,25.5,37.1,8,12.5,18,36,219,142,208,614,1
Shake Milton,SG,NYK,27,48,32,16,581,109,61,10.2,14.5,19,20.9,6,8.2,207,175,185,590,2.5
Cam Whitmore,SF,HOU,19,47,19,28,880,112,136,14.8,22.1,30,18.5,17,17.7,285,248,258,898,3.2
Chuma Okeke,SF,ORL,25,47,24,23,432,107,62,14.5,20.8,9,15,7,15.6,179,93,130,448,2.1
Delon Wright,PG,MIA,32,47,16,31,742,110,67,8.9,13.4,54,40.6,11,17.7,261,218,197,786,3.1
Anfernee Simons,SG,POR,25,46,11,35,1582,121,145,9.7,14.8,23,9.5,5,4.2,645,450,558,1802,1.5
Isaiah Stewart,PF,DET,23,46,9,37,1423,115,231,16.1,22.8,17,9.6,38,24.7,586,400,377,1580,3.8
JaVale McGee,C,SAC,36,46,28,18,339,110,84,23.5,35.6,14,28.6,20,45.5,157,93,102,334,1.3
Julius Randle,PF,NYK,29,46,29,17,1630,114,324,19.8,28.6,25,9.9,12,9,540,406,539,1642,4.7
Landry Shamet,SG,WAS,27,46,6,40,726,119,46,6.5,9.7,25,22.9,10,17.2,237,214,210,894,0.9
Mason Plumlee,C,LAC,34,46,29,17,674,116,174,24.4,37.7,14,13.1,17,26.6,220,223,253,770,1.6
Nikola Jović,PF,MIA,21,46,24,22,896,108,167,18.6,26.1,25,16.9,14,20.9,275,256,215,892,4
Sandro Mamukelashvili,C,SAS,25,46,12,34,451,101,102,20.9,29.5,7,10.8,12,21.8,163,135,109,452,2.9
Bruno Fernando,C,ATL,25,45,20,25,682,114,134,20.1,31.1,25,23.6,28,49.1,267,185,208,694,1.9
Jericho Sims,C,NYK,25,45,30,15,585,110,91,15.3,23.5,8,10.5,19,41.3,192,165,133,558,2.3
Nassir Little,SF,PHX,24,45,28,17,458,113,61,12,19.2,10,13.2,10,13.7,163,157,127,496,1.5
Gary Payton II,SG,GSW,31,44,27,17,680,109,67,9.7,14.2,39,27.3,18,24.3,236,162,202,670,3
Kobe Brown,PF,LAC,24,44,27,17,394,116,42,10.5,17.4,12,20,6,14,155,140,136,462,0.9
Reggie Bullock Jr.,SF,HOU,33,44,24,20,417,113,67,15.7,22.4,12,17.9,5,12.5,140,118,134,452,1.3
Seth Curry,SG,CHA,33,44,25,19,615,108,50,7.8,12,22,20.6,6,9.7,211,191,192,626,2.9
Bol Bol,PF,PHX,24,43,28,15,469,109,105,20.2,29.4,10,16.7,25,35.7,175,130,169,418,2
Cody Zeller,C,NOP,31,43,26,17,320,108,64,18.5,29.1,9,14.3,5,26.3,108,97,94,316,1.5
Davis Bertans,PF,CHA,31,43,20,23,674,114,52,8.1,11.8,26,24.8,12,21.8,240,174,159,670,1.8
Eugene Omoruyi,SF,WAS,27,43,5,38,393,114,50,13,21.7,27,30.3,5,12.2,190,120,141,436,1.1
Ish Smith,PG,CHA,35,43,6,37,741,119,65,9.4,13.8,17,18.9,4,5.4,279,187,212,840,1
Jalen Wilson,PF,BKN,23,43,14,29,665,113,84,12.8,19.5,11,13.6,4,6.1,223,180,220,658,2
Josh Richardson,SG,MIA,30,43,24,19,1103,114,103,9.4,14,24,15.1,14,21.5,383,314,262,1112,3.2
Luka Samanic,PF,UTA,24,43,15,28,404,112,80,17.7,25.9,5,8.9,7,15.6,162,125,140,414,1.4
Markelle Fultz,PG,ORL,26,43,25,18,910,109,82,9.4,13.6,42,23.9,15,21.4,289,239,272,908,3.9
Maxi Kleber,C,DAL,32,43,27,16,871,110,113,12.5,17.9,17,15.3,30,38,283,221,249,882,3.5
Patrick Williams,PF,CHI,22,43,19,24,1174,116,120,10.5,15.2,40,22.3,33,29.7,381,314,362,1140,2.8
A.J. Lawson,SG,DAL,23,42,27,15,311,105,36,10.5,15.9,10,21.3,3,9.4,107,98,121,344,1.7
Desmond Bane,SG,MEM,26,42,14,28,1443,115,149,10.4,15.3,43,18.8,22,12.4,567,414,456,1358,3.5
Killian Hayes,PG,DET,22,42,7,35,1008,118,108,10.7,15.8,36,28.8,20,18.9,412,304,284,1188,1.8
Sasha Vezenkov,PF,SAC,28,42,22,20,511,113,66,12.9,20.1,20,31.7,7,14,199,128,151,516,1.7
Tyler Herro,SG,MIA,24,42,23,19,1407,111,203,14,20.7,30,14.1,3,3,472,424,421,1484,5.1
Jacob Gilyard,PG,BKN,25,41,12,29,698,118,37,5.6,9.2,33,30,5,6.9,240,223,185,748,1.2
Svi Mykhailiuk,SF,BOS,27,41,32,9,413,103,40,9.3,13.7,11,14.7,1,2.2,138,99,108,400,2.4
Tre Mann,PG,CHA,23,41,21,20,987,114,129,13.2,20.6,51,31.3,3,3.3,321,312,264,1034,2.7
Bismack Biyombo,C,OKC,31,40,20,20,791,114,147,17.9,26.2,11,11,37,35.9,303,223,240,768,2.1
Jared Butler,SG,WAS,23,40,6,34,566,111,49,8.3,12.8,29,31.2,8,16,212,160,125,540,2
Julian Phillips,SF,CHI,20,40,20,20,323,112,24,7.7,11.3,7,12.3,7,16.7,83,90,96,328,1.1
Olivier-Maxence Prosper,PF,DAL,21,40,24,16,336,113,54,15.3,22,7,16.7,4,17.4,111,105,127,378,1.1
Richaun Holmes,C,WAS,30,40,13,27,554,116,111,19.8,29.7,11,13.6,19,42.2,208,155,184,612,1.2
Taylor Hendricks,PF,UTA,20,40,13,27,856,118,139,15.9,23.2,28,23.9,30,33,375,260,352,918,1.4
Damian Jones,C,CLE,29,39,24,15,270,113,42,16.7,23.7,7,25,13,59.1,123,69,94,222,0.8
Jeremiah Robinson-Earl,PF,NOP,23,39,22,17,334,108,53,15.1,22.6,10,22.2,4,16,151,115,95,368,1.6
Joel Embiid,C,PHI,30,39,31,8,1309,110,335,23.9,35.5,46,20.3,66,43.7,405,354,429,1354,5.5
Luke Kennard,SG,MEM,28,39,15,24,999,115,102,10.5,16.3,20,12.1,2,1.5,385,317,351,1066,2.4
Malcolm Brogdon,PG,POR,31,39,15,24,1121,115,120,10.8,16.7,27,15.7,8,7,429,342,354,1304,3
Rayan Rupert,SG,POR,20,39,7,32,633,114,68,11.5,17,12,12,3,7,248,172,211,636,1.8
De'Anthony Melton,SG,PHI,26,38,25,13,1023,112,113,11.1,16.6,60,31.7,16,11.9,303,261,315,1138,3.5
Lamar Stevens,PF,MEM,26,38,22,16,559,104,91,14.8,23.4,23,21.9,22,30.1,225,161,159,492,3.1
Lindy Waters III,SG,OKC,26,38,25,13,280,111,33,11.3,17.1,5,11.4,7,24.1,90,88,109,256,1
Patrick Baldwin Jr.,SF,WAS,21,38,6,32,494,111,106,20.1,29.9,18,19.8,15,26.8,184,129,162,504,1.8
Skylar Mays,SG,LAL,26,38,14,24,433,114,33,8.2,13.5,21,30,4,9.3,159,119,179,502,1.2
Thomas Bryant,C,MIA,26,38,22,16,441,111,101,23.3,33.2,10,15.4,16,41,155,114,121,480,1.7
Trent Forrest,SG,ATL,26,38,18,20,414,114,40,10.7,16.4,11,17.2,3,7.3,145,106,144,462,1.1
Bones Hyland,PG,LAC,23,37,20,17,540,112,50,8.8,13.8,26,31,4,7.7,210,163,199,564,1.9
Lester Quinones,NA,GSW,23,37,24,13,394,109,51,12.6,17.3,6,12,2,4,138,85,133,428,1.7
DeAndre Jordan,C,DEN,35,36,24,12,396,116,103,23.7,38,6,14.3,16,32,161,121,127,384,0.9
Orlando Robinson,C,MIA,23,36,20,16,304,110,56,18.9,27.6,7,17.9,8,44.4,119,95,77,274,1.3
Wesley Matthews,SG,ATL,37,36,11,25,413,115,44,10.6,16.7,16,24.6,11,24.4,114,130,144,414,1.1
Furkan Korkmaz,SG,PHI,26,35,22,13,300,110,26,8.7,14.2,14,21.2,3,10.7,96,95,92,334,1.2
Jake LaRavia,PF,MEM,22,35,8,27,806,112,77,9.3,14.5,29,20.9,12,11.8,352,249,270,772,2.7
Danuel House Jr.,SF,PHI,31,34,21,13,509,108,42,8.1,12.2,15,13.8,5,10.6,144,143,206,512,2.4
Justin Minaya,SF,POR,25,34,3,31,381,108,26,7.2,10.6,9,17.6,10,37,148,113,115,346,1.7
Maxwell Lewis,SF,LAL,21,34,18,16,103,106,2,1.9,3,2,14.3,1,11.1,50,41,40,114,0.6
Thanasis Antetokounmpo,PF,MIL,31,34,21,13,155,112,6,4,5.9,7,22.6,4,28.6,83,52,50,118,0.5
Yuta Watanabe,SF,MEM,29,34,18,16,464,115,43,8.8,14.1,12,16.7,7,11.3,173,158,120,474,1.2
Dominick Barlow,PF,SAS,21,33,7,26,420,118,68,16.7,25.2,12,18.2,14,31.8,108,148,112,504,0.7
Jarace Walker,PF,IND,20,33,18,15,340,115,51,15.9,24.2,15,21.4,11,27.5,119,98,113,392,0.9
Monté Morris,NA,MIN,29,33,21,12,476,104,50,10.5,14.7,19,22.6,9,13.2,133,104,167,488,2.7
Ousmane Dieng,PF,OKC,21,33,21,12,365,109,41,10.5,16.2,8,15.4,5,11.6,137,98,113,368,1.5
Thaddeus Young,PF,PHX,36,33,12,21,440,119,57,13.2,21,23,31.9,5,13.2,124,143,119,506,0.6
Brandon Boston,NA,LAC,22,32,17,15,345,118,33,9.3,14.9,11,20.8,8,19,133,127,124,436,0.6
Brice Sensabaugh,SF,UTA,20,32,8,24,584,124,86,15.1,22.5,13,18.1,6,10.5,260,171,245,640,0
Evan Fournier,SG,DET,31,32,8,24,580,110,53,8.8,13.3,29,27.1,7,13.2,247,171,171,622,2.3
Josh Minott,SF,MIN,21,32,23,9,91,100,13,14.1,21.3,5,23.8,5,50,26,26,29,98,0.7
Patty Mills,PG,MIA,35,32,15,17,415,110,26,6.6,9.2,20,26.7,1,3.8,134,102,102,422,1.7
Ricky Council IV,SG,PHI,22,32,15,17,289,110,32,11.5,16.8,8,15.7,1,2.9,84,76,89,310,1.2
Shaedon Sharpe,SG,POR,21,32,8,24,1059,116,118,11.6,18.6,28,15.9,12,12.4,390,329,368,1254,2.4
Kevin Knox II,NA,DET,24,31,4,27,560,117,57,10.8,15.2,13,17.1,7,17.1,217,131,175,652,1.1
Mitchell Robinson,C,NYK,26,31,19,12,768,116,121,17.3,24.8,37,29.6,35,68.6,254,181,250,768,1.6
P.J. Tucker,PF,LAC,39,31,13,18,486,114,57,11.6,17.1,16,20,7,13.5,175,127,208,510,1.4
Terry Taylor,PF,CHI,24,31,12,19,188,104,20,9.9,14.9,5,16.7,2,10.5,57,60,46,150,1.1
Colby Jones,SG,SAC,22,30,15,15,192,103,23,12,17.3,7,21.9,5,19.2,79,43,48,160,1.1
Jarred Vanderbilt,PF,LAL,25,29,14,15,581,109,97,16.4,24.1,36,29.5,5,8.1,225,172,204,576,2.4
Robert Covington,PF,PHI,33,29,20,9,488,104,66,12.7,19.8,39,36.8,18,32.7,178,145,162,464,2.8
Aleksej Pokusevski,PF,CHA,22,28,14,14,405,113,72,17.3,26.8,15,25.9,13,40.6,139,117,111,416,1.2
Cody Martin,SF,CHA,28,28,7,21,753,117,90,12.4,17.9,32,29.9,18,25.4,240,203,201,800,1.4
Kira Lewis Jr.,PG,UTA,23,28,10,18,264,111,17,5.6,9.2,9,25.7,2,8.7,101,83,71,272,1
Matt Ryan,SF,NOP,27,28,14,14,390,107,34,7.9,12.5,6,9.8,1,2.6,160,132,114,420,2
Neemias Queta,C,BOS,24,28,24,4,333,108,69,19.5,28.4,13,24.5,21,51.2,74,85,99,284,1.5
Garrett Temple,SG,TOR,38,27,5,22,289,113,27,9.3,14.6,12,22.6,3,14.3,130,113,106,312,0.9
Jalen Pickett,SG,DEN,24,27,20,7,122,105,13,10,14.9,4,30.8,0,0,43,29,31,114,0.7
Cory Joseph,PG,GSW,32,26,10,16,296,117,24,8.3,11.7,4,10,3,10,102,73,82,304,0.6
Jamal Cain,PF,MIA,25,26,14,12,259,109,22,8.7,13.2,10,25,5,33.3,103,70,72,268,1.1
Jontay Porter,PF,TOR,24,26,6,20,360,115,56,15.3,23.4,20,31.7,20,51.3,133,85,99,428,0.9
Leaky Black,SF,CHA,25,26,2,24,284,109,39,13.2,19.5,8,22.2,11,28.2,97,85,84,304,1.2
Markieff Morris,PF,DAL,34,26,15,11,216,115,35,15.2,22.7,5,17.2,3,23.1,84,80,91,258,0.6
Luka Garza,C,MIN,25,25,17,8,122,109,12,10.5,13.6,4,18.2,1,16.7,44,30,41,132,0.6
Nathan Mensah,C,CHA,26,25,3,22,307,115,36,12.7,19.4,6,14.3,14,50,107,89,105,294,0.8
Trey Jemison III,NA,MEM,24,25,5,20,574,114,70,13.1,19,12,11.9,28,51.9,268,136,211,598,1.6
Wendell Moore Jr.,SG,MIN,22,25,18,7,75,106,12,16,23.1,5,26.3,1,14.3,29,20,27,86,0.4
Zach LaVine,SG,CHI,29,25,10,15,872,115,121,13.4,20.9,21,16.5,8,10.3,245,279,246,768,2.1
Collin Gillespie,PG,DEN,25,24,15,9,225,109,20,8.5,12.4,13,34.2,0,0,66,59,46,236,0.9
Derrick Rose,PG,MEM,35,24,6,18,399,108,38,8.9,13.3,8,13.1,2,4.3,133,139,84,390,1.9
Saben Lee,PG,PHX,25,24,15,9,185,102,22,10.3,16.5,7,29.2,3,9.1,81,52,54,174,1.2
Stanley Umude,SG,DET,25,24,4,20,307,114,43,13,18.8,8,22.9,7,24.1,138,68,102,328,0.9
Admiral Schofield,PF,ORL,27,23,15,8,84,96,14,14.9,24.6,1,11.1,0,0,48,29,35,92,0.7
Devonte' Graham,PG,SAS,29,23,8,15,313,106,31,9.5,13.8,9,22,2,5,103,86,90,334,1.6
Gui Santos,PF,GSW,22,23,17,6,192,110,32,15.3,20.6,4,16,2,7.7,68,51,69,202,0.8
Harry Giles III,NA,LAL,26,23,11,12,100,123,18,17.8,30.5,2,16.7,3,37.5,33,36,40,106,0
Isaiah Livers,PF,DET,25,23,1,22,469,125,33,7.3,11.5,13,19.1,5,13.5,186,157,134,564,-0.2
Noah Clowney,PF,BKN,19,23,10,13,370,112,55,14.6,22.8,8,14.5,16,34.8,136,137,147,364,1.3
Onuralp Bitim,SG,CHI,25,23,11,12,268,115,26,9.6,14.5,3,7.5,2,10.5,100,88,83,252,0.7
Ibou Badji,C,POR,21,22,5,17,226,112,31,14,21.7,3,12,20,60.6,100,80,76,224,0.8
Javon Freeman-Liberty,PG,TOR,24,22,3,19,403,121,54,14.1,23.2,10,13.3,4,11.1,211,159,148,456,0.3
Jerome Robinson,SG,GSW,27,22,17,5,81,95,5,5.7,7.7,1,10,3,18.8,21,9,32,74,0.7
LaMelo Ball,PG,CHA,22,22,7,15,711,120,84,12.2,17.9,40,33.3,4,6.8,231,190,238,792,0.7
Moses Brown,C,POR,24,22,4,18,200,119,49,25.4,36.6,5,19.2,7,41.2,93,33,66,198,0.3
Nate Williams,NA,HOU,25,22,11,11,129,104,11,7.1,10.1,4,19,1,6.7,31,34,32,134,0.8
Tari Eason,PF,HOU,23,22,12,10,480,103,107,20.3,29.8,31,36.9,19,33.3,141,142,86,448,2.9
Vít Krejčí,NA,ATL,24,22,9,13,541,118,41,8.4,11.8,13,15.3,6,13,207,130,170,590,0.9
Chris Livingston,SF,MIL,20,21,13,8,91,117,18,22.2,29.5,2,14.3,0,0,53,26,25,80,0.2
Jalen Hood-Schifino,SG,LAL,21,21,10,11,109,112,11,9.6,13.6,3,27.3,2,18.2,43,34,45,98,0.4
Kenneth Lofton Jr.,PF,UTA,21,21,7,14,198,111,26,12.2,19.5,6,20.7,5,15.6,73,79,60,218,0.7
Scotty Pippen Jr.,PG,MEM,23,21,5,16,527,112,45,8.8,13.2,36,33,10,14.9,212,135,212,504,1.7
AJ Griffin,SF,ATL,20,20,8,12,171,120,16,10.8,15.1,1,3.6,2,13.3,65,37,51,202,0.2
Braxton Key,SF,DEN,27,20,14,6,60,104,15,24.2,36.6,2,22.2,1,14.3,20,14,14,58,0.4
Jay Huff,C,DEN,26,20,16,4,49,98,9,16.7,27.3,2,20,3,60,21,12,9,60,0.4
Johnny Juzang,SG,UTA,23,20,5,15,372,116,29,7.3,11.5,4,10,2,4.4,113,127,122,370,0.8
Marcus Smart,PG,MEM,30,20,7,13,605,109,47,7.3,10.5,41,37.6,5,6.5,218,171,195,550,2.6
Ryan Arcidiacono,PG,NYK,30,20,15,5,45,80,8,13.8,21.6,2,20,0,0,16,13,4,44,0.6
Taj Gibson,PF,DET,39,20,8,12,205,107,25,12.5,16.8,3,10,7,43.8,48,38,58,170,1
Ashton Hagans,PG,POR,24,19,3,16,316,107,31,10.1,16,11,23.4,9,25.7,118,79,85,284,1.5
Charles Bassey,C,SAS,23,19,3,16,205,117,53,26.5,39.6,8,25,17,60.7,90,63,96,212,0.4
Jules Bernard,SG,WAS,24,19,2,17,149,105,16,10.6,17,3,13.6,1,5.3,61,53,46,158,0.8
Mark Williams,C,CHA,22,19,7,12,508,116,108,20.9,31.1,16,20.8,20,42.6,179,170,169,582,1.1
Cole Swider,SF,MIA,25,18,8,10,87,110,6,7.5,10.5,1,11.1,1,20,33,28,20,82,0.3
Hunter Tyson,PF,DEN,24,18,14,4,48,98,8,14.8,22.2,1,14.3,0,0,17,8,13,48,0.4
Jett Howard,SF,ORL,20,18,9,9,67,92,6,8.2,10.9,2,25,2,33.3,28,16,24,70,0.7
Brandon Williams,PG,DAL,24,17,10,7,113,114,9,7.6,10.6,1,7.1,1,11.1,42,36,38,144,0.3
DaQuan Jeffries,SG,NYK,26,17,11,6,46,95,5,9.6,13.2,0,0,1,25,15,14,2,30,0.4
Dylan Windler,SF,ATL,27,17,9,8,108,112,13,10.9,17.3,2,13.3,0,0,36,35,36,122,0.4
Jared Rhoden,SG,DET,24,17,2,15,245,115,30,12.3,21.6,3,8.6,13,43.3,95,101,61,272,0.6
Kobe Bufkin,SG,ATL,20,17,8,9,196,105,27,13,19.6,7,25,5,22.7,70,44,48,198,1.1
Leonard Miller,SF,MIN,20,17,13,4,52,102,15,30,45.5,2,12.5,1,16.7,18,11,17,56,0.4
Theo Maledon,NA,PHX,23,17,5,12,213,122,20,9.3,14.1,7,23.3,0,0,108,51,72,204,0.1
Tosan Evbuomwan,SF,DET,23,17,1,16,367,119,42,12.2,17.5,6,10.7,5,18.5,149,104,113,424,0.5
Colin Castleton,C,LAL,24,16,9,7,59,118,6,11.8,20,2,18.2,0,0,21,22,16,68,0.1
Joe Harris,SG,DET,32,16,4,12,170,119,10,5.7,9.6,3,13.6,2,8.7,75,66,42,196,0.2
Micah Potter,PF,UTA,26,16,3,13,186,114,33,16.8,26.8,4,16.7,6,28.6,60,64,60,154,0.5
Robin Lopez,C,MIL,36,16,10,6,65,116,2,3,5,1,10,3,75,25,31,21,58,0.1
Terquavion Smith,PG,PHI,21,16,8,8,84,118,4,4.9,7.8,8,34.8,0,0,40,33,30,98,0.1
Udoka Azubuike,C,PHX,24,16,12,4,113,127,21,16.9,27.3,1,8.3,6,30,62,47,30,108,-0.1
Ben Simmons,PG,BKN,27,15,7,8,359,113,88,24.1,33.5,12,22.2,9,26.5,121,85,125,382,1.1
Daishen Nix,PG,MIN,22,15,11,4,50,99,2,4.3,6.7,5,33.3,0,0,9,17,20,54,0.4
Emoni Bates,SF,CLE,20,15,8,7,133,124,13,11,18.1,1,5.9,2,22.2,65,41,51,114,0
Justin Champagnie,SF,WAS,23,15,3,12,235,118,34,14.1,22.1,10,32.3,9,31,85,85,74,244,0.4
Kendall Brown,SG,IND,21,15,10,5,63,104,2,3.3,5.1,0,0,0,0,18,13,21,62,0.3
Nate Hinton,SG,HOU,25,15,8,7,75,100,15,16.9,21.7,3,30,2,16.7,18,12,22,68,0.6
Olivier Sarr,C,OKC,25,15,8,7,98,106,26,24.1,34.2,0,0,7,53.8,54,27,40,78,0.5
Otto Porter Jr.,SF,TOR,31,15,6,9,174,108,23,13,18.4,5,14.3,5,25,59,48,49,164,0.8
Boban Marjanović,NA,HOU,35,14,9,5,71,115,25,30.9,43.9,1,9.1,2,28.6,30,15,29,62,0.2
James Bouknight,SG,CHA,23,14,0,14,81,115,8,11.8,18.6,1,10,1,16.7,29,26,18,80,0.2
Jermaine Samuels Jr.,NA,HOU,25,14,8,6,60,114,10,16.7,22.7,1,12.5,2,28.6,15,15,17,66,0.2
Trevelin Queen,SG,ORL,27,14,5,9,165,108,17,10.1,15.9,7,23.3,5,27.8,67,51,41,194,0.8
Xavier Moon,SG,LAC,29,14,7,7,119,107,10,7.9,12.2,3,15,3,18.8,39,47,41,152,0.6
Jaylen Nowell,SG,DET,24,13,3,10,214,111,18,8.2,13.4,4,10.3,2,6.7,52,73,53,224,0.8
Ryan Rollins,PG,MIL,21,13,1,12,78,83,11,13.3,22,10,34.5,3,18.8,20,18,18,54,1
Jalen Slawson,SF,SAC,24,12,8,4,37,115,6,16.2,28.6,1,33.3,1,25,25,13,10,42,0.1
Jeff Dowtin Jr.,NA,PHI,27,12,7,5,142,104,17,11.4,18.5,7,26.9,1,5,46,43,31,132,0.8
Sidy Cissoko,SF,SAS,20,12,5,7,141,97,14,8.2,12.1,7,28,3,21.4,59,50,46,142,1.1
Gabe Vincent,PG,LAL,28,11,7,4,218,103,5,2.2,3.1,9,20,0,0,80,65,62,172,1.3
Ish Wainright,SF,PHX,29,11,2,9,62,85,11,16.9,23.9,4,30.8,1,16.7,20,5,20,34,0.7
Juan Toscano-Anderson,SF,SAC,31,11,7,4,53,99,10,16.7,22.7,1,16.7,1,10,20,16,9,40,0.4
Marques Bolden,C,CHA,26,11,5,6,121,114,24,18.3,29.3,3,13.6,7,36.8,49,37,43,138,0.4
Mouhamadou Gueye,PF,TOR,25,11,0,11,120,111,11,8,14.5,3,13,18,81.8,70,54,53,142,0.5
Moussa Diabaté,NA,LAC,22,11,7,4,64,121,9,12.9,25,5,50,1,25,37,25,14,60,0.1
T.J. Warren,SF,MIN,30,11,7,4,125,97,17,13.2,17.7,4,16,1,7.7,36,25,42,138,1
TyTy Washington Jr.,PG,MIL,22,11,5,6,56,97,4,8.5,9.8,3,18.8,0,0,34,4,9,36,0.4
Amari Bailey,PG,CHA,20,10,1,9,65,106,3,4.1,6.4,3,27.3,0,0,28,26,16,56,0.3
Armoni Brooks,PG,BKN,26,10,3,7,104,114,11,9.8,15.3,1,7.7,1,14.3,23,39,21,90,0.3
Buddy Boeheim,SF,DET,24,10,0,10,84,104,7,7.3,11.1,0,0,1,12.5,22,27,32,88,0.5
Isaiah Mobley,PF,CLE,24,10,2,8,72,114,7,11.5,15.6,2,25,0,0,27,16,16,50,0.2
Tristan Vukcevic,C,WAS,21,10,3,7,153,99,30,16,24,5,18.5,7,41.2,55,50,43,180,1.1
Adama Sanogo,PF,CHI,22,9,3,6,66,94,17,26.6,36.2,1,5.9,0,0,25,16,17,52,0.6
Darius Bazley,PF,UTA,24,9,2,7,152,125,20,13.2,23.3,6,28.6,7,46.7,43,57,55,192,-0.1
DeJon Jarreau,SG,MEM,26,9,2,7,150,108,36,23.8,32.4,6,22.2,2,14.3,46,31,57,130,0.7
Dru Smith,SG,MIA,26,9,7,2,131,113,8,5.8,9.9,9,34.6,3,23.1,44,49,36,120,0.4
Ja Morant,PG,MEM,24,9,6,3,318,111,44,13.4,20.3,7,15.2,5,11.1,117,93,105,342,1.1
Jacob Toppin,SF,NYK,24,9,2,7,38,118,4,14.8,20,0,0,1,50,21,5,14,30,0.1
Jamaree Bouyea,PG,SAS,25,9,2,7,95,102,16,17,25.8,1,7.1,0,0,27,23,30,82,0.6
James Johnson,PF,IND,37,9,4,5,47,109,3,7.5,14.3,5,31.3,1,50,15,16,18,40,0.2
Javonte Green,SF,CHI,30,9,5,4,230,113,47,21.9,29.9,10,24.4,8,40,71,54,66,232,0.7
Jordan Walsh,SF,BOS,20,9,9,0,83,90,15,15.3,20.8,5,26.3,1,9.1,16,20,30,62,0.8
Keyontae Johnson,SF,OKC,24,9,7,2,66,106,6,9.5,11.8,1,10,0,0,33,7,29,62,0.3
Seth Lundy,SF,ATL,24,9,2,7,52,114,6,11.8,18.8,0,0,0,0,32,17,16,72,0.1
Charlie Brown Jr.,SG,NYK,27,8,2,6,37,105,1,2.7,3.8,0,0,2,40,14,4,6,24,0.2
E.J. Liddell,PF,NOP,23,8,3,5,23,110,5,21.7,35.7,2,33.3,2,66.7,11,11,6,26,0.1
JD Davison,SG,BOS,21,8,8,0,39,83,8,16,22.2,1,10,1,10,8,14,21,44,0.5
Jordan Miller,SF,LAC,24,8,5,3,28,120,2,5.7,11.8,0,0,0,0,16,17,14,42,0
Matt Hurt,NA,MEM,24,8,2,6,113,105,7,6,10,3,16.7,3,25,49,46,22,118,0.6
Oscar Tshiebwe,PF,IND,24,8,2,6,42,99,8,22.9,32,2,16.7,1,14.3,12,7,23,38,0.3
Pete Nance,PF,CLE,24,8,3,5,27,104,3,13.6,16.7,1,100,0,0,13,5,8,22,0.1
R.J. Hampton,PG,MIA,23,8,3,5,76,108,4,4.5,6.5,0,0,0,0,34,20,29,78,0.3
Alondes Williams,SG,MIA,25,7,5,2,16,111,1,6.7,10,0,0,1,100,14,5,15,18,0.1
D'Moi Hodge,SG,LAL,25,7,1,6,41,131,0,0,0,1,14.3,1,25,28,22,6,50,-0.1
Jahmi'us Ramsey,SG,TOR,23,7,0,7,121,111,18,13,23.1,7,28,0,0,51,43,54,138,0.5
Jason Preston,PG,UTA,24,7,2,5,71,105,11,13.3,20,2,18.2,1,10,17,23,11,88,0.4
Malik Williams,C,TOR,25,7,2,5,107,118,23,19.7,28,3,42.9,4,36.4,51,40,29,104,0.2
Maozinha Pereira,NA,MEM,23,7,2,5,122,97,26,20.6,27.4,6,19.4,4,33.3,53,15,44,92,1
Zavier Simpson,PG,MEM,27,7,1,6,161,107,16,10.2,15.1,7,20,3,21.4,65,32,43,158,0.8
Alex Fudge,SF,DAL,21,6,1,5,40,129,1,2.9,4.5,3,42.9,0,0,28,13,13,42,-0.1
Brandon Clarke,PF,MEM,27,6,2,4,134,105,19,14.5,21.6,5,16.1,6,33.3,50,34,45,110,0.7
Dereon Seabron,SG,NOP,24,6,3,3,55,93,6,8.2,12.5,2,33.3,1,16.7,24,13,11,52,0.5
Greg Brown III,PF,DAL,22,6,3,3,40,111,6,12.2,17.1,0,0,4,57.1,21,14,35,74,0.2
Isaiah Thomas,PG,PHX,35,6,4,2,19,133,0,0,0,0,0,0,0,5,14,4,26,-0.1
Jordan Ford,PG,SAC,26,6,2,4,22,100,2,10,14.3,0,0,0,0,2,7,0,20,0.1
Mamadi Diakite,PF,NYK,27,6,5,1,24,83,3,11.1,14.3,1,33.3,1,33.3,7,7,6,16,0.3
Mouhamed Gueye,PF,ATL,21,6,2,4,73,115,12,18.8,26.1,5,50,4,80,35,12,29,82,0.2
Pat Spencer,PG,GSW,27,6,4,2,26,111,2,7.7,15.4,0,0,0,0,8,10,10,28,0.1
Robert Williams III,NA,POR,26,6,2,4,119,115,27,22.7,34.6,7,31.8,7,46.7,45,26,49,124,0.3
Usman Garuba,PF,GSW,22,6,5,1,18,121,4,21.1,36.4,1,50,3,75,11,6,12,18,0
Andrew Funk,SG,CHI,24,5,3,2,13,93,0,0,0,1,50,1,25,5,9,0,6,0.1
Frank Ntilikina,PG,CHA,25,5,0,5,43,121,5,11.1,15.6,0,0,0,0,13,13,8,52,0
Keon Johnson,SG,BKN,22,5,0,5,61,134,4,7.8,14.3,3,30,1,50,11,25,24,74,-0.2
Mason Jones,SG,SAC,25,5,3,2,28,97,4,14.3,21.1,1,12.5,0,0,15,5,6,18,0.2
Timmy Allen,SF,MEM,24,5,0,5,125,114,13,11.3,16,4,19,0,0,44,24,38,120,0.3
Wenyen Gabriel,PF,MEM,27,5,1,4,81,96,18,22,30,2,12.5,2,28.6,38,16,23,64,0.6
D.J. Carton,SG,TOR,23,4,2,2,36,123,2,4.3,9.5,1,20,0,0,14,30,2,42,0
David Duke Jr.,SG,SAS,24,4,3,1,51,111,8,14,20.5,2,33.3,0,0,16,14,11,42,0.2
Dexter Dennis,SG,DAL,25,4,1,3,30,100,8,21.1,32,0,0,1,25,15,13,23,48,0.2
Henri Drell,SF,CHI,24,4,2,2,30,113,3,11.1,14.3,2,33.3,1,20,13,9,4,30,0.1
Jack White,SF,MEM,26,4,0,4,64,111,8,13.6,20.5,4,33.3,1,14.3,19,10,27,70,0.2
Kobi Simmons,PG,TOR,26,4,0,4,67,117,6,9,16.7,6,40,2,22.2,35,28,36,70,0.1
Tazé Moore,NA,POR,26,4,1,3,40,122,4,10.8,18.2,2,18.2,0,0,15,17,17,42,0
Drew Peterson,PF,BOS,24,3,3,0,23,116,1,4.2,6.7,2,40,0,0,2,10,6,32,0.1
Filip Petrusev,NA,SAC,24,3,2,1,9,80,1,8.3,11.1,0,0,0,0,2,2,0,8,0.1
Lindell Wigginton,PG,MIL,26,3,3,0,8,131,0,0,0,0,0,0,0,8,5,10,12,0
Quenton Jackson,PG,IND,25,3,3,0,11,79,4,30.8,44.4,1,50,0,0,4,0,5,10,0.1
RaiQuan Gray,PF,SAS,24,3,2,1,39,114,5,11.1,16.7,1,25,1,50,6,11,9,32,0.1
Shaquille Harrison,SG,MEM,30,3,1,2,6,121,2,40,50,0,0,1,100,0,1,3,8,0
Adam Flagler,SG,OKC,24,2,2,0,14,110,0,0,0,0,0,0,0,4,6,4,18,0.1
D.J. Wilson,PF,PHI,28,2,1,1,15,117,1,7.1,11.1,0,0,2,100,2,4,2,20,0
Danny Green,SG,PHI,37,2,1,1,18,121,2,11.1,15.4,1,50,0,0,8,5,5,18,0
Dariq Whitehead,SF,BKN,19,2,1,1,24,154,4,19,28.6,0,0,1,50,3,14,7,28,-0.2
Dmytro Skapintsev,C,NYK,26,2,0,2,2,60,0,0,0,0,0,0,0,0,0,0,2,0.1
Hamidou Diallo,SG,WAS,25,2,1,1,5,50,0,0,0,2,100,0,0,0,0,0,2,0.1
Joshua Primo,SG,LAC,21,2,2,0,10,105,0,0,0,0,0,1,50,8,7,2,18,0.1
Justin Jackson,SF,MIN,29,2,2,0,1,0,0,0,0,0,0,0,0,0,0,0,0,0
Kevon Harris,SG,ORL,27,2,1,1,6,133,2,28.6,40,0,0,0,0,2,4,2,8,0
Ty Jerome,SG,CLE,26,2,1,1,15,144,0,0,0,0,0,0,0,7,4,11,24,-0.1
Isaiah Wong,SG,IND,23,1,1,0,4,122,0,0,0,0,0,0,0,2,0,0,6,0
Izaiah Brockington,PG,NOP,24,1,1,0,3,100,1,16.7,33.3,0,0,0,0,0,3,2,8,0
Jalen Crutcher,PG,NOP,24,1,1,0,3,100,0,0,0,0,0,0,0,2,0,0,4,0
Javonte Smart,PG,PHI,25,1,1,0,1,150,0,0,0,0,0,0,0,0,3,0,0,0
Kaiser Gates,SF,NOP,27,1,0,1,7,88,1,9.1,20,0,0,0,0,3,4,0,6,0.1
Malcolm Cazalon,SG,DET,22,1,0,1,3,100,0,0,0,0,0,0,0,0,2,0,6,0
Markquis Nowell,SG,TOR,24,1,0,1,4,63,0,0,0,1,50,0,0,0,0,0,2,0.1
Ron Harper Jr.,PF,TOR,24,1,1,0,4,189,0,0,0,0,0,0,0,5,5,1,10,-0.1