PLAYER,TEAM,AGE,GP,W,L,MIN,OFFRTG,DEFRTG,NETRTG,AST%,AST/TO,AST RATIO,OREB%,DREB%,REB%,TO RATIO,EFG%,TS%,USG%,PACE,PIE,POSS
Payton Pritchard,BOS,26,82,64,18,22.3,122.8,109.2,13.6,20.8,4.61,28,3.8,10.3,7.1,6.1,58.3,59.7,16.8,97.16,10.3,3673
Tyrese Haliburton,IND,24,69,40,29,32.2,122.4,116.2,6.2,44.4,4.73,37,1.6,10.2,6,7.8,57,60.5,23.9,103.42,15.7,4789
Nikola Jokić,DEN,29,79,55,24,34.6,122.4,110.6,11.8,39.1,2.99,27.9,8.6,27,18.2,9.3,61.2,65,28.8,98.05,21.1,5599
Derrick White,BOS,29,73,58,15,32.6,122.4,109.9,12.5,20.9,3.37,27.1,2.2,10,6.3,8.1,57.8,61.1,18.3,99.48,10.6,4935
Kentavious Caldwell-Pope,DEN,31,76,54,22,31.6,122.4,111,11.3,9,2.44,20.7,1.4,6.2,3.9,8.5,56.6,60.2,12.6,97.99,6.1,4910
De'Anthony Melton,PHI,26,38,25,13,26.9,122,112,10,14.4,2.92,20.8,2.7,11.1,6.9,7.1,49.3,53.3,17.7,101.13,7.9,2157
Luke Kornet,BOS,28,63,48,15,15.6,121.8,109.7,12.1,8.9,3.19,21.3,11.7,14.1,12.9,6.7,70.2,73.6,10.7,96.92,11.3,1976
Jayson Tatum,BOS,26,74,57,17,35.7,121.7,110.5,11.2,21.1,1.94,16.7,2.6,18.7,11,8.6,55.2,60.4,29.6,98.64,15.5,5436
Sam Hauser,BOS,26,79,62,17,22,121.3,107.1,14.2,6.2,2.56,12.1,2.5,12.2,7.5,4.7,62.3,62.9,14.6,98.48,8.6,3564
Paul George,LAC,34,74,48,26,33.8,121.2,112.1,9.1,15.7,1.71,14.8,1.6,13.8,8,8.7,56.9,61.3,26.4,97.47,12.6,5080
Jalen Brunson,NYK,27,77,49,28,35.4,121.2,112.6,8.6,31.5,2.79,20.5,1.5,8.8,5.1,7.4,54.3,59.2,31.1,96.68,15.6,5508
Shai Gilgeous-Alexander,OKC,25,75,55,20,34,121,109.7,11.3,28.7,2.87,19.5,2.6,12.8,8,6.8,56.7,63.6,31.7,102.45,18.7,5447
Al Horford,BOS,38,65,51,14,26.8,120.9,109.5,11.4,12.4,3.5,25.9,4.8,17.8,11.6,7.4,64,65,11.9,98.77,10.5,3585
James Harden,LAC,34,72,46,26,34.3,120.9,115.2,5.6,33.8,3.32,35.1,1.5,13.4,7.7,10.6,54.1,61.2,20.2,96.87,13.1,4988
Kristaps Porziņģis,BOS,28,57,43,14,29.6,120.8,109.6,11.2,9.8,1.29,10.6,5.9,16.3,11.5,8.2,58.9,64.7,24.7,100.55,13.8,3549
Danté Exum,DAL,28,55,36,19,19.8,120.7,110.5,10.3,18.1,3.2,29.1,2.3,10.8,6.7,9.1,62.1,64.5,14.8,101.9,9.3,2310
Jamal Murray,DEN,27,59,44,15,31.5,120.7,112.4,8.2,29.6,3.07,24.6,2.4,10.5,6.6,8,55.4,58.6,27.3,97.75,13.7,3790
Dereck Lively II,DAL,20,55,35,20,23.5,120.6,115.6,5,6,1.2,13.6,10.6,17.9,14.4,11.4,74.7,72.8,12.4,100.89,10.2,2724
Myles Turner,IND,28,77,45,32,27,120.6,115.5,5.1,6.5,0.92,8,5.6,19.8,12.8,8.7,58.7,62.6,23.4,102.52,11.6,4432
Jrue Holiday,BOS,34,69,53,16,32.8,120.6,110.9,9.7,19.6,2.69,28.3,3.8,11.7,7.9,10.5,58.1,59.7,16.1,98.91,9.9,4653
Jusuf Nurkić,PHX,29,76,48,28,27.3,120.5,111.3,9.2,18.6,1.72,24.7,11.5,28.4,20.4,14.4,52.8,55.9,18.7,99.9,12,4327
Isaiah Hartenstein,NYK,26,75,47,28,25.3,120.3,110.3,10,12.7,2.02,26.6,12.9,20.1,16.5,13.2,64.5,67,11.6,97.89,11.3,3876
Michael Porter Jr.,DEN,26,81,57,24,31.7,120.2,112.1,8.1,6.4,1.33,9.1,4.2,17.7,11.1,6.9,58.6,60.1,20.2,97.81,10.6,5247
Jaylen Brown,BOS,27,70,52,18,33.5,120.2,111.6,8.7,16.5,1.5,13.9,3.7,11.9,8,9.3,55.7,58,28.3,99.94,11.6,4873
Obi Toppin,IND,26,82,47,35,21.1,120.2,116.6,3.6,9.1,1.86,15.7,4.9,13.7,9.3,8.4,66.1,67.7,16,104.97,10.1,3786
Luguentz Dort,OKC,25,79,54,25,28.4,119.9,112.1,7.8,6.1,1.53,12.4,3.5,8.9,6.3,8.1,55.7,59.3,15.2,101.99,6,4762
Giannis Antetokounmpo,MIL,29,73,45,28,35.2,119.8,113.2,6.6,31.4,1.9,19.6,7.7,23.7,15.9,10.3,62.4,64.9,32,102.1,19.7,5451
Joel Embiid,PHI,30,39,31,8,33.6,119.8,109.5,10.3,31.5,1.46,15.4,7.4,23.9,16,10.6,56.1,64.4,38.7,101.09,22.5,2750
Aaron Gordon,DEN,28,73,49,24,31.5,119.8,111.1,8.7,14.7,2.47,21.7,7.8,12.9,10.4,8.8,58.4,60.7,17.4,98.01,10.3,4697
Julius Randle,NYK,29,46,29,17,35.4,119.7,113.8,6,21.7,1.44,16.9,5.9,19.8,12.8,11.7,51.8,56.9,28.7,98.84,13.4,3364
Josh Giddey,OKC,21,80,56,24,25.1,119.6,111.5,8.2,25.2,2.3,26.6,5.8,19,12.7,11.6,52.3,54.7,22.3,102.32,12.2,4299
Kyrie Irving,DAL,32,58,39,19,35,119.6,112.6,6.9,22.5,2.82,18.5,2.1,11.6,6.9,6.6,57.3,60.8,27.4,100.89,14.4,4258
Luka Dončić,DAL,25,70,46,24,37.5,119.6,113.8,5.8,42.8,2.43,23.9,2.2,21.8,12.1,9.8,57.3,61.7,35.5,101.06,20,5524
Jalen Smith,IND,24,61,36,25,17.2,119.5,118.6,1,7.8,1.43,11.6,10.4,21.9,16,8.1,67,68.2,18.7,102.98,12.4,2231
Damian Lillard,MIL,33,73,48,25,35.3,119.4,112.4,6.9,28.4,2.63,23.2,1.4,10.2,6,8.8,51,59,27.4,102.06,13.2,5486
Devin Booker,PHX,27,68,43,25,36,119.3,113.5,5.8,29.9,2.65,22.1,2.4,9.8,6.3,8.3,55,61.1,28.9,99.96,14.2,5103
Kawhi Leonard,LAC,33,68,44,24,34.3,119.3,111.1,8.2,16.5,2.05,14.9,3.9,13.8,9.1,7.3,58.5,62.6,26.1,97.77,15.4,4747
Aaron Nesmith,IND,24,72,41,31,27.7,119.3,115,4.3,6.7,1.69,12.5,3.2,10.3,6.9,7.4,60.6,63.1,15.8,102.47,7.1,4249
Grayson Allen,PHX,28,75,45,30,33.5,119,113.9,5.1,11.7,2.39,21.3,2.1,9.4,5.9,8.9,64.9,67.9,14.3,99.96,8.7,5232
T.J. McConnell,IND,32,71,40,31,18.2,118.8,115.2,3.7,40.6,3.61,34.9,2.8,12.5,7.6,9.7,57.2,58.6,22.9,103.62,15.2,2784
Saddiq Bey,ATL,25,63,28,35,32.7,118.6,119.1,-0.5,5.8,1.7,9.9,7.5,11.9,9.6,5.8,49.7,54.9,16.3,102.06,7.9,4384
Tyrese Maxey,PHI,23,70,43,27,37.5,118.3,113.2,5.2,25.7,3.73,20.5,1.4,8.5,4.9,5.5,52.4,57.3,27.3,98.52,12.9,5400
Malik Beasley,MIL,27,79,46,33,29.6,118.3,112.6,5.8,5.9,2,12,1.7,9.8,5.9,6,59.8,60.3,14.2,102.26,6.5,4981
OG Anunoby,NYK,26,50,31,19,34,118.2,107.2,10.9,8.4,1.32,13.4,2.8,9.1,6.1,10.1,57.7,59.5,17.3,98.71,8.1,3503
Chet Holmgren,OKC,22,82,57,25,29.4,118.2,109.2,9,11.2,1.53,14.3,5.6,19.8,13.2,9.3,59.8,63.2,21,102.8,13.3,5150
Onyeka Okongwu,ATL,23,55,23,32,25.5,118.1,119,-0.9,7.1,1.64,13.9,9.9,16.9,13.2,8.4,64.2,67.4,13.4,103.28,9.4,3020
Kevin Durant,PHX,35,75,44,31,37.2,118.1,113.3,4.8,21.3,1.55,16.9,1.6,15.5,8.9,10.9,58.1,62.6,28.3,100.24,14.8,5832
Norman Powell,LAC,31,76,48,28,26.2,118,113,5.1,5.9,1.24,8.3,0.8,8.5,4.8,6.7,59.4,62.6,19.3,100.37,8.7,4162
Khris Middleton,MIL,32,55,31,24,27,118,114.6,3.4,27.2,2.3,26.3,2.7,13.4,8.3,11.4,56.6,59.5,23,102.11,11.7,3172
Trey Lyles,SAC,28,58,33,25,20,117.9,110.2,7.7,7.9,1.89,15.7,5.2,16.6,10.9,8.3,57.6,59.6,13.9,100.73,8.5,2427
Donte DiVincenzo,NYK,27,81,50,31,29.1,117.9,114.2,3.7,13.3,1.91,15.7,2.6,10.2,6.3,8.2,58.4,59.7,20.9,97.11,9.8,4770
Javonte Green,CHI,30,9,5,4,25.6,117.8,112.8,5,2.7,0.71,5.5,9,21.9,15.4,7.7,66.7,68.1,15.9,98.13,12.1,473
Jalen Williams,OKC,23,71,51,20,31.3,117.7,108.9,8.8,20.2,2.62,21,1.7,10.2,6.2,8,59.2,62.1,23.2,102.94,12.3,4752
Kris Dunn,UTA,30,66,25,41,18.9,117.6,117.2,0.4,25,3.22,38.4,3.9,10.9,7.4,12,53.5,54.6,13.2,102.44,7.8,2667
Nicolas Batum,PHI,35,60,36,24,25.5,117.6,111.9,5.6,10.5,3.2,29.6,4.6,11.5,8,9.2,59.6,60.3,8.5,98.51,6.5,3139
Pascal Siakam,IND,30,80,38,42,33.2,117.6,115.3,2.2,18.9,2.43,17.8,5.2,15.9,10.5,7.4,56.9,60.1,25,100.99,13.2,5587
Lauri Markkanen,UTA,27,55,22,33,33.1,117.6,116.9,0.6,9,1.43,9.2,6.5,17.6,12.1,6.4,57.8,63.1,24.1,102.49,13.6,3884
Brandin Podziemski,GSW,21,74,41,33,26.6,117.5,111.6,5.9,17.6,3.1,27.7,5.8,14.9,10.4,8.9,52.9,54,14.9,100.27,9.4,4120
Kevin Huerter,SAC,25,64,37,27,24.4,117.5,115,2.5,13.8,3.13,20.8,2.4,12.4,7.3,6.6,55.3,56.4,17.3,101.06,7.7,3286
Vít Krejčí,ATL,24,22,9,13,24.6,117.4,117.7,-0.3,11.4,2.5,28.4,2,8.4,4.9,11.4,62.5,63.3,9.8,97.72,5,1104
LeBron James,LAL,39,71,41,30,35.3,117.4,113.6,3.8,35.8,2.4,26,2.6,17.2,10.4,10.8,59.9,63,28.5,101.54,16.9,5304
Mitchell Robinson,NYK,26,31,19,12,24.8,117.3,116.2,1.1,3.1,0.72,9,17,17.3,17.1,12.4,57.5,55.4,9.9,96.67,8.2,1545
Stephen Curry,GSW,36,74,43,31,32.7,117.3,114.7,2.7,24.1,1.8,17.5,1.5,11.6,6.6,9.7,57.3,61.6,30.2,101.9,14,5163
Jonas Valančiūnas,NOP,32,82,49,33,23.5,117.3,113.4,3.9,12.8,1.56,15.8,10,27.2,18.9,10.1,58.5,61.9,20.7,98.68,13.5,3959
Jose Alvarado,NOP,26,56,38,18,18.4,117.3,105.2,12,15.4,2.93,22.2,2.4,9.6,6.1,7.6,52.5,54,16.8,100.12,8.1,2137
Josh Hart,NYK,29,81,49,32,33.4,117.2,110.6,6.6,16.4,2.81,28.1,4.6,20.5,12.3,10,49.3,52.2,13.3,95.77,10,5397
Brook Lopez,MIL,36,79,48,31,30.5,117.1,111.9,5.2,7.1,1.61,12.5,4.9,11,8.1,7.8,58.3,60.8,15.6,102.16,8.3,5137
Ivica Zubac,LAC,27,68,42,26,26.4,117.1,112.4,4.7,7.5,1.18,12.1,11.7,23.5,17.9,10.3,64.9,67.1,16.5,96.89,12.5,3628
Collin Sexton,UTA,25,78,29,49,26.6,117,120.4,-3.4,28.3,2.32,22,3.3,6.4,4.9,9.5,54.9,60.7,26.7,101.71,12,4399
Tobias Harris,PHI,31,70,41,29,33.8,117,112.4,4.6,13.6,2.33,16.1,3.3,15.6,9.4,6.9,53.5,57.6,20.3,98.94,11.6,4880
Buddy Hield,PHI,31,84,46,38,25.7,116.9,115.7,1.1,14.3,2.29,19.5,2.7,9.8,6.2,8.5,56.5,57.8,18.6,101.65,8.3,4579
Spencer Dinwiddie,LAL,31,76,38,38,28.3,116.8,115.2,1.6,21.7,3.91,30.3,1.4,7.7,4.6,7.7,48.9,54.3,16.1,100.46,7.6,4503
Dejounte Murray,ATL,27,78,34,44,35.7,116.8,119.5,-2.7,27.4,2.5,22.1,2.1,13,7.2,8.8,52.8,55.5,25.9,101.33,12.2,5879
Terance Mann,LAC,27,75,47,28,25,116.7,114.8,1.9,8.6,2.48,17,5,8.8,7,6.8,58.7,61.5,13.5,97.71,7.1,3804
Josh Green,DAL,23,57,32,25,26.4,116.7,118.8,-2.1,11.1,2.17,22.1,2.6,9.6,6.1,10.2,57.5,58.8,12.9,101.44,6.3,3166
De'Andre Hunter,ATL,26,57,26,31,29.5,116.7,117.9,-1.3,7.3,1.05,9.5,1.8,11.6,6.6,9.1,54.7,59.5,20.4,101.11,7.9,3539
De'Aaron Fox,SAC,26,74,42,32,35.9,116.6,112.3,4.3,24.4,2.15,17.8,2.4,10.4,6.2,8.3,53.4,56.7,30,101.7,12.8,5629
Brandon Ingram,NOP,26,64,38,26,32.9,116.6,112.6,4,25.9,2.23,21.7,2.1,13.3,7.8,9.7,53.4,57.8,26.9,98.78,12.6,4327
Isaiah Joe,OKC,24,78,54,24,18.5,116.6,107.5,9.1,9.3,2.11,15.2,2.2,9.8,6.1,7.2,60.9,62.6,15.7,103.43,9,3144
Trae Young,ATL,25,54,22,32,36,116.6,119.1,-2.5,43.5,2.48,29.2,1.1,6.5,3.7,11.8,51.6,58.5,28.9,104.95,13.1,4241
Anthony Davis,LAL,31,76,45,31,35.5,116.5,114,2.6,15.1,1.67,13.8,9.3,25.2,17.6,8.3,56.7,62.1,26.1,102.06,16.8,5743
D'Angelo Russell,LAL,28,76,46,30,32.7,116.5,113.9,2.6,26.1,3.09,26.8,1.2,7.9,4.7,8.7,56,58.8,22.2,102.97,10.3,5348
Russell Westbrook,LAC,35,68,45,23,22.5,116.5,112.8,3.7,28.5,2.13,25.8,6.2,15.4,10.9,12.2,48.6,51.4,23.9,102.17,11.3,3247
Maxi Kleber,DAL,32,43,27,16,20.3,116.5,109.9,6.6,9.9,2.43,25.9,3.5,12.5,8.2,10.6,54.1,57.3,9.6,102.07,5.7,1854
Herbert Jones,NOP,25,76,46,30,30.5,116.4,111,5.5,11.2,2.14,20.9,3.3,8.4,5.9,9.8,59.5,63.6,14.1,98.85,7.6,4767
Bogdan Bogdanović,ATL,31,79,35,44,30.4,116.3,114.4,1.9,14.7,2.21,16.2,2.1,9.2,5.5,7.3,53.7,56.9,21.8,101.32,9.2,5082
Karl-Anthony Towns,MIN,28,62,42,20,32.7,116.3,109.1,7.2,14.7,1.07,13.2,5,20.4,13.1,12.3,57.5,62.5,26.8,98.37,14,4161
Paul Reed,PHI,25,82,47,35,19.4,116.3,112,4.2,9.5,1.63,15.8,11.7,19.4,15.4,9.7,56.1,58,15.6,97.81,10.4,3221
Keegan Murray,SAC,23,77,43,34,33.6,116.2,113.4,2.7,6.8,2.02,10.6,3.9,12.6,8.1,5.2,54.8,56.9,17.8,99.78,8.2,5377
Bradley Beal,PHX,31,53,33,20,33.3,116.2,113.2,3,21.5,2.02,22.3,3.3,9.9,6.8,11,58.2,60.7,22.4,100.08,10.6,3682
Andrew Nembhard,IND,24,68,41,27,25,116.1,114,2.2,20.8,2.77,30.2,2.1,6,4.1,10.9,55.7,57.3,16.1,101.82,7.5,3593
Joe Ingles,ORL,36,68,42,26,17.2,116.1,110.3,5.8,21.7,3.03,40.1,1.7,11.1,6.4,13.2,59,61.2,11.1,98.58,8.1,2412
Rui Hachimura,LAL,26,68,40,28,26.8,116.1,113.5,2.5,6.1,1.76,9.4,3.4,12.1,8.1,5.3,60.9,62.8,18.2,102.01,9.5,3890
Domantas Sabonis,SAC,28,82,46,36,35.7,116,115.2,0.8,33.4,2.47,30.8,9.7,29.5,19.2,12.4,60.9,63.7,22,99.61,16.9,6085
Jimmy Butler III,MIA,34,60,33,27,34,116,110.5,5.5,22.8,2.92,21.5,5.4,10.6,8,7.4,53.7,62.6,23.5,97.23,14.5,4131
Bobby Portis,MIL,29,82,49,33,24.5,115.9,116,-0.1,7.8,1.14,8.9,7.1,22.8,15,7.8,56.2,58.1,22.4,100.49,12.2,4204
Donovan Mitchell,CLE,27,55,36,19,35.3,115.9,108.6,7.3,26.8,2.16,19.5,2.4,11.6,7.1,9,54.5,59.5,30.1,99.82,15,4054
CJ McCollum,NOP,32,66,42,24,32.7,115.9,112.2,3.7,20.9,2.77,19.9,1.8,11.6,6.7,7.2,57.2,59.2,24.4,99.19,11.8,4474
Klay Thompson,GSW,34,77,41,36,29.7,115.8,116.1,-0.3,11,1.5,11.9,1.5,9.3,5.4,7.9,55.1,57.6,23.4,101.9,9,4858
Anthony Edwards,MIN,22,79,54,25,35.1,115.8,108.5,7.3,24.1,1.68,16.8,2,13.1,7.8,10,52.2,57.5,31.4,98.18,14.5,5675
Nikola Jović,MIA,21,46,24,22,19.5,115.8,107.9,7.8,14,2.14,20.7,2.9,18.6,10.9,9.7,56.8,58.3,17.1,97.42,9.2,1822
Tim Hardaway Jr.,DAL,32,79,49,30,26.8,115.7,115.8,-0.1,9.4,2.01,11.1,1,10.6,5.8,5.5,51,54.2,22,102.05,8.3,4516
Aaron Wiggins,OKC,25,78,55,23,15.7,115.6,110,5.7,9.6,1.54,15.6,5.2,9.5,7.5,10.2,64.5,66.4,16.3,100.83,9.6,2556
Eric Gordon,PHX,35,68,41,27,27.8,115.6,112.2,3.5,10,1.9,16.2,0.9,5.2,3.2,8.5,56.5,58,16.2,100.41,7,3956
Robert Covington,PHI,33,29,20,9,16.8,115.6,103.6,12.1,6.4,2.18,16.8,6.4,12.7,9.7,7.7,53.6,58,10.4,98.87,7.9,998
Daniel Theis,LAC,32,60,38,22,16.9,115.6,113.2,2.4,8.1,1.45,14.6,8.4,15,11.7,10,57.7,59.7,15,99.85,8.4,2116
Draymond Green,GSW,34,55,33,22,27.1,115.6,110.7,4.9,27.6,2.46,38.1,5,20,12.7,15.5,56.6,58.7,14.8,103.22,10.8,3211
Bruce Brown,TOR,27,67,26,41,27.8,115.6,121.4,-5.8,13.2,2.23,20.9,2.8,12.6,7.7,9.3,52.3,56.3,16.1,102.72,7.6,3993
Clint Capela,ATL,30,73,33,40,25.8,115.5,115.6,-0.1,6.7,1.23,10.4,15.7,23.2,19.2,8.5,57.1,59,16.7,101.78,12.1,3987
Jarrett Allen,CLE,26,77,46,31,31.7,115.5,110.7,4.8,12.8,1.74,16.3,10.3,23.1,16.8,9.4,63.4,66.4,19.1,98.66,14.9,5002
Kevon Looney,GSW,28,74,43,31,16.1,115.4,114,1.4,14.8,2.66,29.4,11.6,22.2,16.9,11.1,59.7,62,11,99.5,10.2,2477
Naji Marshall,NOP,26,66,41,25,19,115.4,106.8,8.7,13.9,1.97,21.4,4.2,14.2,9.3,10.9,54.2,57.6,15.8,100.71,9.2,2627
Max Strus,CLE,28,70,43,27,32,115.3,109.7,5.6,16.6,2.53,24.4,3,11.7,7.4,9.6,53.3,55.3,16.7,99.71,8.1,4649
Trey Murphy III,NOP,24,57,35,22,29.7,115.2,108.2,7,10.4,3.65,14.8,2.5,13.9,8.3,4.1,57.9,61.2,18.2,99.46,11,3511
Malik Monk,SAC,26,72,42,30,26,115.2,115.1,0.1,29,2.47,24.8,1.4,10.1,5.6,10,52.6,56.4,24.7,101.92,11,3978
Mark Williams,CHA,22,19,7,12,26.8,115.2,116.4,-1.2,5.9,1.29,10,14.3,20.9,17.6,7.7,64.9,67.5,16.2,100.03,12.9,1056
Jonathan Kuminga,GSW,21,74,40,34,26.3,115.1,112.2,2.9,12.3,1.34,12.8,4.7,12.6,8.7,9.6,56,59.8,23.7,101.96,10.9,4143
Pat Connaughton,MIL,31,76,45,31,22.1,115.1,115.9,-0.8,12.3,3.29,27.7,3,11.2,7.1,8.4,55.3,57.4,10.6,101.34,6.6,3545
Coby White,CHI,24,79,37,42,36.5,115,115.8,-0.7,20.4,2.44,21.4,1.5,11,6.2,8.8,53.4,57,22.4,97.52,9.9,5857
Bennedict Mathurin,IND,22,59,33,26,26.1,115,117.9,-2.9,10.5,1.23,12.2,3.8,11.3,7.5,10,50.7,56.2,22.6,103.79,8.7,3329
Dyson Daniels,NOP,21,61,34,27,22.3,115,111.7,3.3,15.7,2.78,29.4,4.6,12.6,8.6,10.6,51.4,52.9,12.3,100.03,8,2821
Andrew Wiggins,GSW,29,71,38,33,27,114.9,116.3,-1.3,8.7,1.37,11.1,5.5,10.5,8,8.1,51.1,54.4,20.6,101.06,7.8,4042
Kevin Love,MIA,35,55,31,24,16.8,114.7,108.2,6.5,18.9,2.4,20.1,6.2,29.5,17.8,8.4,55.7,59.7,21,99.69,14.4,1912
Gary Payton II,GSW,31,44,27,17,15.5,114.7,108.9,5.8,9.4,1.78,17.9,6.6,9.7,8.1,10.1,61.7,62.1,13,103.5,7.8,1465
Rudy Gobert,MIN,32,76,53,23,34.1,114.6,106.6,8,5.7,0.86,10.1,11.8,25.6,19.1,11.7,66.1,67.5,15.2,97.22,13.6,5248
Amir Coffey,LAC,27,70,46,24,20.9,114.6,118,-3.4,6.8,2.3,15.5,2,8,5.1,6.7,57.1,60.4,11.9,100.74,5.9,3071
Fred VanVleet,HOU,30,73,38,35,36.8,114.6,111.6,3,31.2,4.67,32.4,1.2,8.9,5,6.9,52.7,56.8,19.4,99.44,11.8,5568
Austin Reaves,LAL,26,82,47,35,32.1,114.6,115.6,-1,23.7,2.59,26.9,2.3,10.7,6.7,10.4,56.8,61.3,19.8,101.93,10.5,5590
Zion Williamson,NOP,23,70,42,28,31.5,114.5,111.6,2.9,25.6,1.82,19.1,5.5,12.7,9.1,10.5,57.3,61,28.5,101.34,14.5,4663
Georges Niang,CLE,31,82,48,34,22.3,114.4,113.9,0.6,7.5,1.36,11.9,1.2,13.8,7.6,8.7,56.7,58.3,17.3,98.61,6.9,3766
Keon Ellis,SAC,24,57,33,24,17.2,114.4,109,5.5,11.5,2.3,23,3.1,9.4,6.2,10,61.2,62.7,12.3,99.24,6.8,2015
Patrick Williams,CHI,22,43,19,24,27.3,114.3,115.5,-1.2,7.7,1.16,12.9,3.9,10.5,7.1,11.1,52.5,55.3,16.3,97.59,6.6,2393
Johnny Juzang,UTA,23,20,5,15,18.6,114.3,116.1,-1.8,8.6,1.77,15.1,1.8,7.3,4.6,8.6,60.9,62,14.7,96.5,6.4,750
John Collins,UTA,26,68,27,41,28,114.2,121.7,-7.5,6,0.79,7.7,7.9,22.2,14.9,9.8,59,62.1,19.9,101.3,11.1,4010
Jaden McDaniels,MIN,23,72,48,24,29.2,114.2,110.4,3.8,6.7,1.16,11.9,2.8,7.8,5.4,10.2,55.7,57.1,15.6,97.36,5.6,4268
Trayce Jackson-Davis,GSW,24,68,39,29,16.6,114.1,113,1.1,10.3,1.67,15.9,11.4,17.2,14.3,9.5,70.2,69.2,15.7,100.82,12.7,2377
Kelly Oubre Jr.,PHI,28,68,40,28,30.2,114.1,114,0.1,7.2,1.16,8.7,4.3,12.1,8.1,7.5,49.8,53.5,22,99.3,8.1,4239
Harrison Barnes,SAC,32,82,46,36,29,114.1,115.7,-1.7,5.6,1.71,10.3,2.7,7.9,5.2,6,57.6,61.1,15.4,100.69,7.3,4996
Andre Drummond,CHI,30,79,37,42,17.1,114.1,113.3,0.8,4.1,0.46,5.3,18.7,33.1,25.7,11.6,55.6,57.6,20.1,97.97,15.5,2760
Darius Bazley,UTA,24,9,2,7,16.9,114,125.2,-11.3,6.2,0.88,14,5.1,13.2,9.1,16,63.3,68,11.8,99.27,8.9,315
Derrick Jones Jr.,DAL,27,76,47,29,23.5,114,112.3,1.7,5.5,1.15,10.8,4.5,8.9,6.7,9.4,56.6,59.2,14.6,101.9,6.8,3781
Jordan Clarkson,UTA,32,55,22,33,30.6,113.9,119.7,-5.7,24.7,1.9,21,2.8,8.3,5.5,11.1,46.9,52.1,25.5,100.77,9,3537
Alperen Sengun,HOU,21,63,29,34,32.5,113.9,113.2,0.8,24.8,1.93,19.4,8.6,19.3,13.9,10.1,55.3,58.5,27,99.22,14.9,4236
Caris LeVert,CLE,29,68,38,30,28.8,113.9,111.2,2.8,25.8,2.96,25.1,2,12.1,7.1,8.5,48.7,52.4,22.4,99.71,10.7,4071
Cason Wallace,OKC,20,82,57,25,20.6,113.9,110,3.9,9.2,2.67,19.2,3.2,7.7,5.6,7.2,60.2,61.2,12.7,101.56,7.1,3574
Moritz Wagner,ORL,27,80,46,34,17.7,113.9,110.8,3.1,10.9,0.99,11.6,8.7,16.8,12.8,11.7,63.6,67.6,22,98.73,13.9,2911
Taurean Prince,LAL,30,78,44,34,27,113.9,116.5,-2.6,7.3,1.63,15,1,9.5,5.4,9.2,56.6,57.9,13.4,102.61,5.6,4506
Daniel Gafford,DAL,25,74,30,44,24.5,113.9,116,-2.2,8.3,1.55,15.4,10.5,18.6,14.7,9.9,72.5,73.1,14.5,103.3,12.1,3897
Jalen Green,HOU,22,82,41,41,31.7,113.8,113.8,0,17,1.52,14.8,1.5,14.3,7.8,9.7,49.8,54.1,27,100.26,11.1,5448
Chris Paul,GSW,39,58,33,25,26.4,113.7,111,2.8,34.2,5.17,41.1,1.1,12.6,7,7.9,52.5,54.4,15.4,99.68,11.6,3189
Dario Šarić,GSW,30,64,35,29,17.2,113.7,115.3,-1.6,18.7,1.85,22.1,6.3,19.2,12.6,12,56.2,60,19,100,11.1,2294
Gary Trent Jr.,TOR,25,71,24,47,28.1,113.7,118.2,-4.6,8.4,2.53,11.4,1.2,8.3,4.7,4.5,53.1,54.8,19.5,100.18,7.7,4159
Mike Conley,MIN,36,76,53,23,28.9,113.7,108,5.7,29,4.4,36.2,1.8,8.1,5.1,8.2,59.5,62.7,15.7,97.38,11.5,4460
Jarred Vanderbilt,LAL,25,29,14,15,20,113.6,109.4,4.2,7.7,1.29,18.7,7.3,16.4,12,14.5,55.3,57.8,11.1,103.85,7.7,1253
Royce O'Neale,PHX,31,79,38,41,24.7,113.6,110.4,3.2,14.9,3,25.8,2.9,15.5,9.2,8.6,54.2,54.8,13.4,100.69,8.1,4093
Dillon Brooks,HOU,28,72,36,36,30.9,113.6,113.6,0,7.4,1.35,11.4,2.3,8.4,5.3,8.4,51.5,54.9,17.6,100,5.6,4630
RJ Barrett,TOR,24,58,26,32,31.7,113.6,116.9,-3.3,15.9,1.53,14.5,2.8,14,8.3,9.5,54.7,58,25.7,101.83,10.9,3889
Gary Harris,ORL,29,54,35,19,24,113.6,110.3,3.3,9,2.81,20.2,1.9,5.5,3.7,7.2,56.9,58.7,11.4,98.53,5.7,2664
Jakob Poeltl,TOR,28,50,21,29,26.4,113.6,114.2,-0.6,13.1,1.65,20.3,11,21.4,16.2,12.3,65.6,65.3,16,100.54,11.7,2763
DeMar DeRozan,CHI,34,79,37,42,37.8,113.5,114.6,-1,22,3.12,19.4,1.4,10.1,5.7,6.2,50.7,58.4,25.2,97.94,12.9,6098
Darius Garland,CLE,24,57,31,26,33.3,113.5,111.4,2.1,29.5,2.12,25.5,1.7,6.4,4.1,12,52.4,56,24.9,98.02,10.4,3894
Jordan Hawkins,NOP,22,67,38,29,17.3,113.4,114.3,-0.9,8.4,1.75,11.7,2.4,10,6.1,6.7,50.1,53.3,18.8,100.73,6.7,2450
Jalen Johnson,ATL,22,56,27,29,33.7,113.3,115.2,-1.9,15.4,2.01,19,3.6,21.1,12.2,9.5,56.2,58.4,18.4,103.77,11.7,4084
Moses Moody,GSW,22,66,38,28,17.5,113.3,110.2,3.1,7,1.3,10.2,5.2,10.8,7.9,7.9,54.8,57.8,17.6,100.54,8.7,2432
Immanuel Quickley,TOR,25,68,28,40,29.2,113.2,114.2,-1,24.5,3.28,23.1,0.8,12,6.4,7.1,53,57.7,23.3,100.43,11.9,4157
Jaime Jaquez Jr.,MIA,23,75,44,31,28.2,113.1,110.4,2.8,13.7,1.77,18.1,3.9,9.4,6.7,10.2,53.6,57.4,18.1,98.22,8.4,4319
Isaac Okoro,CLE,23,69,41,28,27.3,113.1,110.7,2.4,9.5,2.44,18.3,3.6,7.2,5.4,7.5,57.7,59.9,13.6,98.24,6.7,3838
Nickeil Alexander-Walker,MIN,25,82,56,26,23.4,113.1,105.5,7.6,14.5,2.68,24.1,1.9,6.6,4.3,9,56,57.8,14.3,99.98,7.1,4005
Caleb Martin,MIA,28,64,36,28,27.4,113,111.1,1.9,11.8,1.86,17.4,4.2,11.9,8,9.4,50.4,53.1,16.8,96.41,7.5,3527
Jonathan Isaac,ORL,26,58,35,23,15.8,113,102.1,10.9,4.7,1.11,8,8.3,20.1,14.4,7.2,58.4,61,16,98.72,13.6,1870
Simone Fontecchio,DET,28,66,29,37,24.9,113,114.5,-1.5,8.4,1.49,13.6,3.7,10.7,7.1,9.1,58.2,60,15.9,102.49,7.7,3521
Josh Okogie,PHX,25,60,37,23,16,112.8,111.5,1.3,9.1,1.78,18.2,7.9,8.1,8,10.3,48.8,55.2,12.5,100.88,6.8,2008
Day'Ron Sharpe,BKN,22,61,25,36,15.1,112.8,108,4.8,13.7,1.21,17,16.3,23.5,19.9,14,57.8,59.6,18.5,99.62,13.1,1898
P.J. Washington,DAL,25,73,30,43,30.4,112.8,115.6,-2.8,8.7,1.47,12.7,3.7,14.7,9.1,8.7,51.8,53.7,18.5,100.49,7.9,4648
Cole Anthony,ORL,24,81,47,34,22.4,112.6,110,2.6,20,1.87,19.4,3.6,14,8.8,10.3,49.6,54.5,23.2,97.46,10.9,3696
Scottie Barnes,TOR,22,60,22,38,34.9,112.6,115.8,-3.2,25.3,2.2,23.1,6.4,16.7,11.5,10.5,52.8,56.6,24,101.17,13.2,4413
Dennis Schröder,BKN,30,80,30,50,31.1,112.6,115.4,-2.8,28.1,3.19,29.5,1.5,8.2,4.8,9.2,50.9,55,20.2,98.44,9.5,5106
Tari Eason,HOU,23,22,12,10,21.8,112.6,103.1,9.4,8.7,1.35,10.8,8.8,20.3,14.5,8,51.3,52.8,18.8,101.43,13.1,1011
Nikola Vučević,CHI,33,76,36,40,34.3,112.5,115.7,-3.1,15.3,2.12,15.5,8,22.9,15.4,7.3,52.2,54,23.3,97.36,12.6,5287
Franz Wagner,ORL,22,72,44,28,32.5,112.5,108.2,4.3,18.3,1.96,16.5,3.1,13.7,8.4,8.4,52.5,57.5,25,98.46,13.1,4794
Talen Horton-Tucker,UTA,23,51,14,37,19.8,112.5,117.9,-5.4,26.5,2.72,23.5,2,9.4,5.7,8.6,46,50.3,23.4,100.57,8.9,2117
P.J. Tucker,LAC,39,31,13,18,15.7,112.4,113.7,-1.3,4.1,2,21.3,5.9,11.6,8.8,10.7,49,50.7,5.2,98.41,3.1,992
Cameron Payne,PHI,29,78,46,32,16.7,112.4,113.2,-0.8,22.2,3.11,26.3,1.6,7.3,4.4,8.5,54.1,56.6,18.5,100.61,8.3,2738
Jae Crowder,MIL,33,50,25,25,23.1,112.3,114.9,-2.6,7.6,2.87,17.7,2.6,11.3,6.9,6.2,53,54.6,11.3,101.49,5.9,2441
Tyler Herro,MIA,24,42,23,19,33.5,112.1,111.1,1,21.8,2.02,17.8,1.3,14,7.8,8.8,53.1,55.8,26.8,98.48,11.9,2888
Goga Bitadze,ORL,24,62,34,28,15.4,112.1,110.3,1.8,11.7,1.8,21.4,11,18.7,14.8,11.9,60.8,62.9,12.9,97.85,11.3,1947
Reggie Jackson,DEN,34,82,57,25,22.2,112,110.6,1.4,24,2.91,25.4,1.8,6.3,4.1,8.7,49.9,52.1,20.9,99.58,8.1,3780
Gordon Hayward,OKC,34,51,25,26,24.4,112,118,-6,17,2.39,23.3,3,11.6,7.2,9.7,51,54.8,17.5,100.51,8.7,2617
Jabari Smith Jr.,HOU,21,76,39,37,31.9,111.9,113.8,-1.9,7.1,1.36,10.8,5.3,19.1,12.1,7.9,53.7,57.1,17.4,99.8,9.9,5045
Paolo Banchero,ORL,21,80,46,34,35,111.9,111.9,0,25.4,1.74,18.5,2.9,17.8,10.1,10.6,49.7,54.6,29.2,98.2,13.5,5727
Dean Wade,CLE,27,54,36,18,20.5,111.9,103.5,8.3,5.2,2.15,14,3.3,15.4,9.4,6.5,58.4,59.8,10.1,99.94,7.3,2300
Garrison Mathews,ATL,27,66,29,37,15,111.8,115.8,-4,4.9,1.95,12.5,1.7,7.9,4.7,6.4,64.4,66.5,11,101.65,4.7,2095
LaMelo Ball,CHA,22,22,7,15,32.3,111.8,120.2,-8.4,39.5,2.12,24.3,3.8,12.2,7.8,11.5,51.5,56.1,31.5,103,13.3,1522
Jalen Suggs,ORL,23,75,43,32,27,111.8,110.8,1,14.7,1.55,18.3,2.4,9.5,5.8,11.8,57.8,60.2,19.1,99.85,8.8,4212
Vasilije Micić,CHA,30,60,34,26,19.6,111.7,114.8,-3.1,30.7,2.65,34.3,1.3,6.3,3.9,13,48.8,52.4,18.9,97.78,7.8,2395
Larry Nance Jr.,NOP,31,61,34,27,19.9,111.7,108.4,3.3,12.9,2.31,26.3,7.9,17.6,12.8,11.4,62.9,65.3,11.2,99.9,10.3,2525
Kelly Olynyk,TOR,33,78,31,47,22.5,111.7,119.1,-7.3,27.5,2.28,32.3,6.1,16.9,11.6,14.1,61.6,66.1,17.1,102.01,11.6,3743
Ayo Dosunmu,CHI,24,76,37,39,29.1,111.6,114.9,-3.3,15.7,2.35,21.8,2.4,7.2,4.8,9.3,58.3,60.4,16.8,98.13,8.3,4520
Cameron Johnson,BKN,28,58,21,37,27.6,111.5,114.9,-3.4,12.9,2.42,16.1,3.2,12.4,7.6,6.7,55.7,58.2,19,98.52,9.7,3297
Cam Thomas,BKN,22,66,23,43,31.4,111.5,116.7,-5.2,15.1,1.55,11.7,1.3,8.9,5,7.6,50.3,55.4,29.6,99.74,10.5,4321
Duncan Robinson,MIA,30,68,38,30,28,111.5,111,0.5,15.1,2.02,19.3,0.8,8.4,4.6,9.5,58.9,61.2,18.4,98.06,8.2,3901
Walker Kessler,UTA,22,64,26,38,23.3,111.4,116,-4.5,5.8,0.91,11.6,10.9,19.9,15.5,12.8,66,66.3,12.7,100.78,10.9,3132
Jalen Wilson,BKN,23,43,14,29,15.5,111.4,113,-1.6,9.5,2.37,17.2,6.8,12.8,9.7,7.3,49.2,53.7,13.8,97.01,7.5,1351
Amen Thompson,HOU,21,62,30,32,22.4,111.4,109.3,2.1,16.5,1.81,21.4,9.5,18.4,13.7,11.8,54.5,57.6,17.3,102.77,12.1,2965
Kyle Lowry,PHI,38,60,32,28,28.2,111.4,111.6,-0.3,21.2,2.98,33.9,2,9.8,5.8,11.4,56.2,59.4,12.8,97.21,7.7,3427
Lonnie Walker IV,BKN,25,58,23,35,17.4,111.3,111.8,-0.6,11.3,1.45,11.5,1.3,11,6.1,7.9,52.8,54.5,23.5,100.24,9,2119
Evan Mobley,CLE,23,50,29,21,30.6,111.2,110.1,1.2,15.5,1.78,18.2,7.4,22.1,15,10.3,60,62.6,20,100.58,13.9,3209
Precious Achiuwa,NYK,24,74,40,34,21.9,111.2,112.3,-1,8.8,1.17,13.9,11.1,18.2,14.5,11.9,52.9,54.5,15.8,96.4,9.5,3255
Torrey Craig,CHI,33,53,22,31,19.8,111.2,118.4,-7.3,7.4,1.81,16.3,6.2,14.8,10.2,9,55,56.8,12.1,98.28,6.4,2136
Naz Reid,MIN,24,81,56,25,24.2,111.1,105.5,5.7,8.5,0.95,9.4,3.8,17,10.6,9.8,57.6,59.5,22.3,99.83,11.5,4092
Dorian Finney-Smith,BKN,31,68,28,40,28.4,111,113.2,-2.2,7.7,1.81,15.3,5.3,10.7,7.9,8.4,53.5,54.6,13.2,98.25,6.2,3951
Mikal Bridges,BKN,27,82,32,50,34.8,111,114.3,-3.3,16.3,1.82,15.9,2.2,10.5,6.3,8.7,52.1,56,23.8,98.35,10.5,5852
Ja Morant,MEM,24,9,6,3,35.3,111,111.1,-0.2,38.4,2.7,24.5,1.9,13.4,7.7,9.1,51.2,57,29.6,101.08,15.7,675
Alex Caruso,CHI,30,71,34,37,28.7,110.9,110.6,0.3,16.7,2.42,26.4,3.1,10.3,6.7,10.9,59.3,61.3,14.6,99.21,8.9,4213
Tre Jones,SAS,24,77,21,56,27.8,110.9,111.8,-0.9,29.8,4.12,38.4,2.6,10.4,6.5,9.3,55.8,59.1,14.9,102.72,10.9,4585
Sam Merrill,CLE,28,61,36,25,17.5,110.8,111.1,-0.3,14.9,5.68,20.4,2,9.1,5.5,3.6,58.4,59.8,17,97.47,9,2186
Grant Williams,CHA,25,76,34,42,28,110.8,116.6,-5.7,11.4,1.6,18.4,4,11,7.5,11.5,56,58.8,15.7,99.74,6.5,4429
Wendell Carter Jr.,ORL,25,55,30,25,25.6,110.8,109.6,1.1,10,1.4,14.7,8.3,20.7,14.4,10.5,60,62.3,17.2,97.46,11.3,2864
Malcolm Brogdon,POR,31,39,15,24,28.7,110.7,114.5,-3.7,30.1,3.57,26.1,2.4,10.8,6.5,7.3,52.2,56,22.6,99.51,12.2,2326
Delon Wright,MIA,32,47,16,31,15.8,110.7,109.7,1,21.3,8.5,34.8,2.5,8.9,5.7,4.1,46,50.5,12.7,101.07,9.3,1560
Marcus Morris Sr.,CLE,34,49,26,23,16.7,110.7,114.6,-3.9,6.6,1.2,10.3,2.6,13.9,8,8.6,53,55.8,16.2,98.26,7.2,1675
Patrick Beverley,MIL,35,73,43,30,20,110.7,112.2,-1.6,20.5,3.26,30.5,3.3,12.5,7.9,9.4,49.7,53.9,14.1,98.44,8.6,2993
Tyus Jones,WAS,28,66,11,55,29.3,110.6,122.5,-11.9,33.1,7.35,39.3,1,8.1,4.5,5.4,56.9,57.8,16.1,104.37,11.1,4204
Cam Whitmore,HOU,19,47,19,28,18.7,110.6,111.6,-1,5.8,0.72,5.5,4.4,14.8,9.4,7.7,53.9,56.1,25.5,103.65,11,1897
Miles McBride,NYK,23,68,42,26,19.5,110.6,110.6,0,13.1,3.8,18.4,2.2,5.3,3.7,4.9,57.2,59,16.4,95.4,8,2632
Aaron Holiday,HOU,27,78,39,39,16.3,110.5,107.6,2.9,15.7,2.64,22.1,1.7,7.5,4.5,8.4,54.7,57.8,15.8,102.24,7.8,2706
Isaiah Stewart,DET,23,46,9,37,30.9,110.3,114.5,-4.2,6.9,1.11,13.1,5.3,16.1,10.7,11.8,57.5,60,14.3,100.63,8.1,2979
Bismack Biyombo,OKC,31,40,20,20,19.8,110.2,114.1,-3.8,8.7,1.26,21.1,7.6,17.9,12.8,16.7,56.5,56.2,10.6,99.64,6.5,1642
Terry Rozier,MIA,30,61,22,39,33.4,110.2,117.2,-7,26.8,3.23,22.5,1.7,11,6.2,7,51.8,55.5,25.3,98.41,11.7,4184
Taylor Hendricks,UTA,20,40,13,27,21.4,110.2,118.2,-8.1,5.1,1.19,10.3,5.3,15.9,10.6,8.7,56,57.8,13.5,101.11,7.4,1802
Haywood Highsmith,MIA,27,66,39,27,20.7,110.1,109,1.1,7.4,2.06,15.6,4.8,10.7,7.8,7.6,58.1,58.7,12.1,97.7,6.7,2769
Bam Adebayo,MIA,26,71,40,31,34,110.1,109.3,0.8,19.3,1.72,17,6.7,24.2,15.4,9.9,52.9,57.6,24.7,97.43,15.2,4909
Kyle Anderson,MIN,30,79,55,24,22.6,110.1,105.1,5.1,26.4,3.64,36.1,3.4,11.6,7.6,9.9,47.2,51.3,14,99.95,9.7,3701
Ochai Agbaji,TOR,24,78,31,47,21,110.1,117.2,-7.1,6.8,1.3,13.8,4.4,8.3,6.3,10.6,48.3,49.7,13.1,101.56,4.6,3472
Jae'Sean Tate,HOU,28,65,32,33,15.9,110.1,105,5.1,8.5,1.73,18.4,5.5,12.7,9,10.7,52.2,53.8,11.5,101.59,5.9,2168
Christian Braun,DEN,23,82,57,25,20.2,110,109.3,0.7,10.9,2.4,18.1,4.6,12.6,8.7,7.5,52.5,55.4,15.2,98.91,8.4,3394
Danuel House Jr.,PHI,31,34,21,13,15,109.9,107.7,2.3,7.5,1.47,16.4,3,8.1,5.5,11.1,51.9,57.5,11.6,101.74,5.3,1077
Jaden Ivey,DET,22,77,14,63,28.8,109.9,117.7,-7.7,19.6,1.56,18.6,3.8,8.1,5.9,11.9,49.2,53.6,24.4,101.74,7.6,4706
Cade Cunningham,DET,22,62,9,53,33.5,109.9,117.8,-7.9,35.9,2.19,23.8,1.6,11.5,6.4,10.9,50,54.6,29.8,100.77,12.6,4351
Christian Wood,LAL,28,50,28,22,17.4,109.9,109.9,0,7.9,0.98,12.1,4.8,22.6,14.4,12.3,53.2,56.8,17.3,101.73,10.1,1849
Zach LaVine,CHI,29,25,10,15,34.9,109.9,115.3,-5.4,17.2,1.88,17.3,0.9,13.4,7.2,9.2,53.1,57.8,23.8,97.91,11,1780
Bojan Bogdanović,NYK,35,57,20,37,25.9,109.9,121.3,-11.4,10.2,0.96,10.3,1.5,9.2,5.2,10.7,55.1,58.1,24.2,99.57,8.3,3068
Anfernee Simons,POR,25,46,11,35,34.4,109.9,120.5,-10.6,26.8,2.02,19.8,1.3,9.7,5.3,9.8,52.3,56.8,27.6,97.9,11.1,3231
Dennis Smith Jr.,BKN,26,56,19,37,18.9,109.9,109.9,-0.1,27.6,2.99,32,4.6,10.8,7.6,10.7,48.2,50.8,17.4,98.64,9.2,2160
Gabe Vincent,LAL,28,11,7,4,19.8,109.8,103,6.8,12.6,4.2,27.6,1.9,2.2,2,6.6,33.7,34.1,10.5,103.55,1.4,469
Kyle Kuzma,WAS,28,70,13,57,32.6,109.7,120.8,-11,20.1,1.54,15.6,2.6,17,9.8,10.1,52.1,54.7,29.5,103.56,11.4,4913
Jeff Green,HOU,37,78,39,39,16.8,109.7,112.7,-2.9,7.9,1.52,12.8,3.3,9.9,6.5,8.4,52.9,59,15.2,100.77,7.6,2746
Cam Reddish,LAL,24,48,27,21,20.5,109.7,112.5,-2.8,6.2,1.55,14.2,2.8,7.1,5,9.2,46.8,50.4,12.3,103.36,4.4,2123
Deni Avdija,WAS,23,75,14,61,30.1,109.7,116.2,-6.5,17.4,1.79,21,3.6,19.2,11.5,11.8,56,59.7,19.6,105.06,10.9,4936
Ben Simmons,BKN,27,15,7,8,23.9,109.6,113,-3.4,30.6,3.19,44.3,8,24.1,15.8,13.9,58.1,57.1,12.6,102.24,11.9,759
Duop Reath,POR,28,68,17,51,17.9,109.6,116.8,-7.1,8.8,1.29,10.2,6.9,13.8,10.1,7.9,54.9,57.1,20.2,98.42,8.8,2485
Keyonte George,UTA,20,75,27,48,27,109.6,118.9,-9.3,24.4,1.77,23.3,0.7,9.5,5.1,13.2,48.2,53.3,22.4,100.98,8.1,4264
Markelle Fultz,ORL,26,43,25,18,21.2,109.6,109,0.6,19.4,2.4,23.6,6.2,9.4,7.8,9.8,47.9,49.2,18.2,98.7,8.6,1872
Marvin Bagley III,WAS,25,50,7,43,21.1,109.5,115.5,-6,7.9,0.93,9.5,11.9,17.5,14.6,10.2,59.7,62.9,20.4,102.87,12.2,2257
Davion Mitchell,SAC,25,72,41,31,15.3,109.5,112.1,-2.6,16.8,3.12,25.9,1.7,7.1,4.3,8.3,54,55.5,14.7,100.05,6.4,2302
Kevin Knox II,DET,24,31,4,27,18.1,109.4,117.2,-7.8,5.7,1.05,9.6,3,10.8,6.6,9.2,54.6,57,15.7,103.16,6.2,1208
Brice Sensabaugh,UTA,20,32,8,24,18.3,109.3,123.5,-14.2,13.4,1.17,16.3,2.7,15.1,8.8,13.9,46.8,51.1,20.1,101.44,6.5,1236
Jalen Duren,DET,20,61,13,48,29.1,109.3,117,-7.6,12.3,1.14,16,10.5,28.5,19.4,14.1,61.9,65.3,18.1,101.02,13.7,3730
Landry Shamet,WAS,27,46,6,40,15.8,109.3,119.2,-9.9,10.4,1.8,14.4,2.1,6.5,4.2,8,52.7,55.6,18.1,103.63,5.8,1571
Tristan Vukcevic,WAS,21,10,3,7,15.3,109.2,98.8,10.4,12,1.3,13.1,4.2,16,10.9,10.1,50.7,55.4,23.3,105.6,9.4,336
Julian Champagnie,SAS,23,74,19,55,19.8,109.1,113.5,-4.5,9.3,1.81,17.2,2.8,11.1,6.9,9.5,53.4,57,14,103.07,6.8,3152
Peyton Watson,DEN,21,80,56,24,18.6,109,109.7,-0.7,8.1,1.48,13.5,3.8,12.1,8.2,9.1,51.6,53.9,16,98.88,7.6,3043
Brandon Miller,CHA,21,74,18,56,32.2,108.9,119.1,-10.2,11.4,1.33,12,2.5,11.2,6.7,9.1,52.4,55.2,23.5,98.38,8.3,4879
Josh Richardson,MIA,30,43,24,19,25.6,108.7,113.7,-5,14.4,2.92,20.7,1.7,9.4,5.6,7.1,53.9,57.3,15.9,98.56,8,2267
Corey Kispert,WAS,25,80,15,65,25.8,108.7,119.4,-10.7,11.1,1.6,14.1,1.4,9.1,5.2,8.8,60.2,62,19.1,103.61,8.4,4477
Devin Vassell,SAS,23,68,17,51,33.1,108.5,114.6,-6,19.2,2.56,18.3,1.2,10.2,5.6,7.1,55,57.8,22.9,102.42,11.2,4795
Keldon Johnson,SAS,24,69,17,52,29.5,108.5,116.1,-7.7,14.2,1.95,15.6,4.3,13.5,8.8,8,52.7,56.5,21.2,103.68,9.8,4399
Marcus Smart,MEM,30,20,7,13,30.2,108.5,109.2,-0.8,21.1,1.39,21,0.9,7.3,4.1,15.1,51.9,55.2,22.5,102.65,8.3,1289
Vince Williams Jr.,MEM,23,52,18,34,27.6,108.4,111.4,-3,17.7,1.9,25,3.9,16.3,9.9,13.1,55,59.7,15.5,99.07,9.6,2964
Nic Claxton,BKN,25,71,27,44,29.8,108.4,114.1,-5.6,10.7,1.58,16.2,8.8,23.9,16.2,10.3,63,62.9,15.6,98.42,12.8,4323
Jordan Poole,WAS,25,78,15,63,30.1,108.4,119.5,-11.1,21.2,1.82,19.1,1.3,7.4,4.3,10.4,49.1,52.9,25.6,104.7,7.6,5123
Drew Eubanks,PHX,27,75,42,33,15.6,108.3,112.3,-4.1,7.9,1.03,15,9,17.6,13.5,14.6,60.7,64.5,12.9,99.66,9.9,2423
Desmond Bane,MEM,26,42,14,28,34.4,108.2,115.4,-7.2,27.2,2.05,19.5,2.3,10.4,6.2,9.5,55.2,58.9,27.3,100.82,12.8,3038
Quentin Grimes,DET,24,51,32,19,20.1,108.1,109.1,-0.9,9.4,2.36,15,1.3,8,4.6,6.3,49.5,51.6,15.5,97.78,5.9,2079
Jeremy Sochan,SAS,21,74,18,56,29.6,108.1,115,-7,16.1,1.78,20.3,6,15.3,10.6,11.4,48.3,51.3,18.7,101.92,8.2,4648
Miles Bridges,CHA,26,69,17,52,37.4,108,120.1,-12.1,14.6,1.67,13.9,2.7,17.6,9.9,8.3,52.7,55.6,24.2,98.46,11.1,5298
Anthony Black,ORL,20,69,39,30,16.9,108,108.9,-1,10.8,1.63,21.2,2.9,9.3,6.1,13,54,56,12.3,100.09,5.4,2423
Victor Wembanyama,SAS,20,71,19,52,29.7,107.9,111.2,-3.2,21.3,1.05,14.6,7.4,27.3,17.4,13.9,51.9,56.5,31.2,103.4,16.2,4539
Jerami Grant,POR,30,54,17,37,33.9,107.8,117.5,-9.6,13.8,1.31,12.2,1.9,8.7,5.2,9.3,51.6,57.3,25.5,98.26,10,3751
Alec Burks,NYK,32,66,18,48,18.4,107.8,118.5,-10.7,11.5,1.83,11.4,1.9,10.3,6,6.2,47.8,53.6,23.4,100.63,8.7,2547
Matisse Thybulle,POR,27,65,18,47,22.9,107.7,115.1,-7.4,8.3,2.25,19.6,1.9,7.4,4.6,8.7,52.4,53.7,10.5,99.41,6.1,3078
Ausar Thompson,DET,21,63,10,53,25.1,107.7,113.1,-5.3,10.8,1.43,16.3,7.7,17.3,12.4,11.4,50.5,52.2,16.1,101.67,8.4,3329
Bruno Fernando,ATL,25,45,20,25,15.2,107.5,113.9,-6.4,10,1.05,14.4,8.8,20.1,14.4,13.8,58.3,61.5,17.2,99.37,9.6,1410
Bilal Coulibaly,WAS,19,63,11,52,27.2,107.4,118.4,-11,8.6,1.26,16.1,3.1,11.6,7.2,12.7,50.9,54.3,13.9,103.33,5.7,3687
Tre Mann,CHA,23,41,21,20,24.1,107.2,114.1,-7,24.9,2.54,29.1,2.2,13.2,7.9,11.5,53.3,55.9,18.3,97.33,10.4,2007
Jabari Walker,POR,21,72,18,54,23.6,107.1,116.5,-9.5,6.2,1.08,9.9,8.2,22.2,14.7,9.2,50,54.6,15.9,98.44,9.3,3484
Marcus Sasser,DET,23,71,11,60,19,107,115.7,-8.7,26.3,2.62,27.2,0.8,8.5,4.5,10.4,51.6,54.2,19.5,102.01,8.6,2871
Dāvis Bertāns,CHA,31,43,20,23,15.7,107,114.2,-7.2,7.6,1.94,11.7,1.3,8.1,4.6,6,55.6,58.3,16.9,98.52,6.9,1395
Toumani Camara,POR,24,70,19,51,24.8,106.9,111.5,-4.6,7.2,1.04,13.3,7.3,11.9,9.5,12.9,51.6,54.7,13.4,99.35,6.5,3589
Jaren Jackson Jr.,MEM,24,66,22,44,32.2,106.6,113.9,-7.3,13.3,0.96,9.3,3.7,13.2,8.3,9.7,49.5,55.3,30.2,100.01,11.1,4418
Deandre Ayton,POR,25,55,14,41,32.4,106.6,115.3,-8.7,8.6,0.91,9.3,9.6,25,17.1,10.2,57.1,58.7,21.1,97.76,14.1,3631
Xavier Tillman,BOS,25,54,30,24,18,106.6,109.4,-2.9,11.6,2.26,18.6,6.6,14.9,10.5,8.2,47,47.2,14.6,99.29,7.8,2015
Scoot Henderson,POR,20,62,18,44,28.5,106.5,119.6,-13,30,1.58,23.4,2.7,8.3,5.4,14.8,44,48.9,26,99.15,6.7,3638
Killian Hayes,DET,22,42,7,35,24,106.5,117.6,-11.1,26.8,4.02,36.8,1.1,10.7,5.9,9.2,45.2,47.4,14.7,102.49,7.7,2149
Cody Martin,CHA,28,28,7,21,26.9,106.5,117,-10.5,19.2,2.36,27.6,2.4,12.4,7.2,11.7,44.4,46,15.7,98.04,6.6,1540
Trey Jemison III,MEM,24,25,5,20,23,106.5,113.8,-7.3,6.9,0.79,13,10.5,13.1,11.7,16.3,55.1,58.2,13.2,98.01,6.6,1161
Justin Champagnie,WAS,23,15,3,12,15.7,106.4,117.5,-11.1,11.2,1.9,16.7,7,14.1,10.3,8.8,49.4,52.6,16.2,104.86,8.8,512
Luke Kennard,MEM,28,39,15,24,25.6,106.4,115.2,-8.8,21.2,2.52,26.2,1.1,10.5,5.7,10.4,61.7,64.1,16.6,99.53,9.9,2069
Nick Richards,CHA,26,67,14,53,26.2,106.3,118.2,-11.9,4.6,0.74,9.3,9.7,21.8,15.6,12.5,69.1,71.7,13.1,97.53,10.8,3572
John Konchar,MEM,28,55,18,37,21.3,106.3,112.2,-5.9,13,2.39,29.3,5.8,16.4,10.8,12.3,51.4,53.7,9.6,98.73,8.2,2410
Santi Aldama,MEM,23,61,23,38,26.5,106.2,114.6,-8.3,13.4,2,17.1,4.1,17.3,10.5,8.6,52.8,53.9,17.7,98.41,10,3318
Isaiah Livers,DET,25,23,1,22,20.4,106.1,125.4,-19.3,7.1,1.56,15.2,3,7.3,5,9.7,44,46,12.2,103.54,2.6,1011
Kris Murray,POR,23,62,12,50,21.7,106.1,112.1,-6,8.3,1.45,15.3,5.7,10.7,8,10.5,46.3,48.1,13.6,98.81,5.9,2777
Cedi Osman,SAS,29,72,17,55,17.6,106,119.2,-13.2,13.1,2.53,20.8,1.8,12.2,6.8,8.2,59.1,60.1,14.6,104.29,7.7,2761
Malaki Branham,SAS,21,75,18,57,21.3,105.9,117,-11.1,14.2,1.71,17.3,1.6,7.4,4.4,10.1,50.6,52.6,19.2,103.72,6.2,3449
Jacob Gilyard,BKN,25,41,12,29,17,105.8,117.7,-12,29,4.57,43.2,1.2,5.6,3.3,9.5,57,57.3,11.2,97.53,7.7,1418
Shaedon Sharpe,POR,21,32,8,24,33.1,105.8,116,-10.3,13.8,1.31,14.5,3.6,11.6,7.3,11.1,47.5,52.4,22,99.67,8,2190
Jordan Goodwin,MEM,25,57,30,27,18.5,105.6,109.7,-4.1,21.9,2.77,25,7.7,15.1,11.3,9,42.4,45.1,18.2,98.75,9.7,2170
Chimezie Metu,DET,27,51,24,27,16.8,105.5,112,-6.6,8,0.88,12.4,5,17.7,11.5,14,56.1,61,16.2,100.26,10,1798
Ashton Hagans,POR,24,19,3,16,16.6,105.3,106.5,-1.1,24.4,1.8,33.1,4.1,10.1,6.9,18.4,46.5,51,14.4,96.51,6.8,636
Jake LaRavia,MEM,22,35,8,27,23,105.2,111.9,-6.7,11.6,1.29,12.8,5.6,9.3,7.4,9.9,47.7,54,20.1,99.45,8.3,1668
Gradey Dick,TOR,20,60,18,42,21.1,105.1,119.1,-13.9,7.8,1.36,11.6,2,8.5,5.1,8.6,52.4,54.6,16.7,102.01,5.9,2693
Zach Collins,SAS,26,69,19,50,22.1,105,116.3,-11.4,19.6,1.47,19.2,7.3,16.2,11.7,13,53.1,56.5,22.4,102.48,9.5,3247
Noah Clowney,BKN,19,23,10,13,16.1,104.8,111.7,-6.9,7.4,1.2,12.9,6.6,14.6,10.5,10.8,60.2,62.6,13.7,99.61,9.7,767
James Wiseman,DET,23,63,9,54,17.3,104.8,118.2,-13.4,7.7,0.82,11.6,9.6,20.7,15,14.1,61.3,63.7,15.8,102.13,9.7,2315
Scotty Pippen Jr.,MEM,23,21,5,16,25.1,104.6,112.2,-7.5,31,1.75,25.7,3.9,8.8,6.3,14.7,56.7,59.6,22.7,100.04,10.6,1103
Dalano Banton,POR,24,54,24,30,19.4,104.5,114.7,-10.2,20,1.65,16.8,3.6,13,8.1,10.2,46.3,50.4,25,98.51,10,2147
David Roddy,PHX,23,65,25,40,18.1,104.3,113.6,-9.3,10.2,1.4,13.9,4.2,13.4,8.7,9.9,46.2,48.4,17.7,101.1,6.8,2482
Rayan Rupert,POR,20,39,7,32,16.2,104.3,114,-9.8,13.1,2,23.3,3.4,11.5,7,11.7,42.2,45.1,13.1,99.68,4.3,1317
GG Jackson,MEM,19,48,14,34,25.7,104.3,111.4,-7.1,8.2,0.91,7.8,4,11.4,7.6,8.6,51.9,55.4,23.8,100,9.5,2564
Derrick Rose,MEM,35,24,6,18,16.6,103.9,107.7,-3.8,31,2.52,27.3,1.7,8.9,5.3,10.8,50.6,54,22.2,101.51,10.8,844
Tosan Evbuomwan,DET,23,17,1,16,21.6,103.6,119.2,-15.6,6.3,1.78,14.8,4.7,12.2,8.2,8.3,59.2,61.6,10.8,99.06,6.4,752
Jaylen Nowell,DET,24,13,3,10,16.4,103.6,111,-7.4,13.7,2.71,17.6,2.6,8.2,5.3,6.5,47.4,49.4,17.6,100.37,6.6,447
DeJon Jarreau,MEM,26,9,2,7,16.6,102.9,107.5,-4.6,25.7,2.89,28.9,4.3,23.8,13,10,38,39.2,17.1,100.95,9,310
Javon Freeman-Liberty,TOR,24,22,3,19,18.3,102.6,120.7,-18.2,14.3,1.6,19.4,3.8,14.1,8.7,12.1,48.4,54.7,17,102.12,8,856
Ziaire Williams,MEM,22,51,20,31,20.3,102.5,112.4,-9.9,11.8,1.14,13.6,3.1,13.8,8.2,12,47.4,51.1,19.2,100.4,7.4,2156
Ish Smith,CHA,35,43,6,37,17.2,101.7,119.2,-17.5,26.8,3.09,41.2,1.4,9.4,5.1,13.4,43,43.5,11.9,100.59,5.7,1549
Robert Williams III,POR,26,6,2,4,19.8,101.6,114.9,-13.3,6.5,0.71,12.2,8,22.7,14.8,17.1,65.4,68.4,12.2,101.25,11.3,252
Brandon Clarke,MEM,27,6,2,4,22.4,100.7,104.6,-3.9,11.1,3,12.3,7.7,14.5,10.7,4.1,56.8,54.8,18.8,101.31,12.6,285
Jahmi'us Ramsey,TOR,23,7,0,7,17.3,100.4,110.8,-10.4,10.3,1.14,13.6,3.3,13,8.5,11.9,51.2,53.8,18,102.87,8.5,259
Maozinha Pereira,MEM,23,7,2,5,17.4,99.2,96.5,2.7,2.7,0.4,4.3,7.7,20.6,13.8,10.9,58.6,60.9,14.3,101.42,12.6,258
Zavier Simpson,MEM,27,7,1,6,23.1,98.2,106.8,-8.6,23.1,2.5,27.5,2,10.2,5.5,11,36.1,37.7,16.1,100.23,5.7,337
Evan Fournier,DET,31,32,8,24,18.1,97.8,109.9,-12.1,13.1,2.29,15.9,0.8,8.8,4.8,7,43.2,46.4,18.7,100.82,6,1221
Kobi Simmons,TOR,26,4,0,4,16.9,94.2,116.5,-22.3,30,12,35.3,1.4,9,5.1,2.9,47.6,47.6,14.1,98.94,10.2,139
Malik Williams,TOR,25,7,2,5,15.2,93.2,118.1,-24.9,2.9,0.67,5,12.7,19.7,16.2,7.5,27.9,27.2,14.8,99.37,2.7,220
Timmy Allen,MEM,24,5,0,5,25.1,92.6,114.4,-21.8,6,2.5,16.1,2.5,11.3,6.1,6.5,26.1,27.2,8.4,99.48,-0.2,256
Jack White,MEM,26,4,0,4,15.9,89.1,111.1,-22.1,2.4,0.5,5.3,4.7,13.6,8.3,10.5,18.8,18.8,11,102.56,1.1,137
Wenyen Gabriel,MEM,27,5,1,4,16.2,89,96.4,-7.4,7.1,0.38,8.6,7.2,22,14,22.9,38.6,35.1,16.6,98.35,3,164